dataset,seed,k,indices,subset,reconstruction_mse,accuracy,balanced_accuracy,macro_f1
fashion_mnist,0,50,"[654, 204, 317, 651, 516, 535, 518, 42, 470, 91, 424, 294, 608, 613, 718, 389, 599, 287, 104, 212, 551, 200, 372, 593, 216, 581, 276, 743, 161, 681, 131, 748, 265, 705, 313, 348, 15, 237, 100, 402, 640, 383, 46, 708, 635, 186, 633, 511, 658, 273]",unsupervised_cae,0.019203750416636467,0.7969285714285714,0.7969285714285713,0.7961086364531802
fashion_mnist,0,50,"[14, 442, 582, 277, 315, 574, 585, 249, 38, 219, 423, 455, 37, 621, 621, 258, 602, 134, 91, 406, 742, 98, 47, 39, 207, 258, 220, 764, 389, 182, 355, 661, 261, 269, 609, 295, 190, 745, 546, 385, 92, 484, 134, 231, 154, 574, 343, 190, 289, 605]",supervised_cae,0.022618534043431282,0.8040714285714285,0.8040714285714285,0.8029540632971081
fashion_mnist,1,50,"[357, 274, 564, 46, 686, 525, 417, 535, 608, 747, 609, 490, 712, 155, 668, 289, 66, 204, 371, 202, 315, 743, 650, 122, 247, 383, 201, 13, 320, 64, 736, 360, 44, 317, 258, 406, 582, 234, 186, 369, 403, 572, 266, 300, 623, 606, 680, 104, 189, 454]",unsupervised_cae,0.019877120852470398,0.7988571428571428,0.7988571428571427,0.7973098589612166
fashion_mnist,1,50,"[92, 649, 746, 207, 191, 231, 355, 417, 608, 415, 220, 574, 400, 248, 326, 390, 63, 574, 317, 17, 745, 407, 257, 313, 190, 155, 126, 13, 38, 770, 630, 770, 261, 692, 63, 45, 764, 268, 289, 70, 385, 580, 434, 261, 454, 546, 524, 537, 209, 551]",supervised_cae,0.0223718099296093,0.8034285714285714,0.8034285714285714,0.8015233158456437
fashion_mnist,2,50,"[14, 202, 524, 709, 127, 455, 606, 712, 38, 537, 204, 669, 287, 292, 743, 678, 609, 424, 525, 723, 316, 380, 234, 662, 301, 456, 161, 434, 611, 69, 658, 77, 567, 340, 214, 355, 558, 552, 387, 450, 75, 602, 628, 239, 389, 747, 294, 220, 317, 652]",unsupervised_cae,0.01913708634674549,0.7955,0.7955,0.7928371624207851
fashion_mnist,2,50,"[63, 546, 580, 70, 11, 733, 742, 317, 742, 546, 633, 12, 190, 343, 362, 47, 412, 770, 764, 289, 249, 152, 260, 501, 257, 621, 406, 546, 92, 462, 567, 305, 45, 163, 134, 404, 214, 126, 357, 202, 400, 736, 378, 744, 17, 442, 91, 287, 154, 417]",supervised_cae,0.022671183571219444,0.8078571428571428,0.8078571428571429,0.806583036107336
fashion_mnist,3,50,"[623, 42, 263, 407, 462, 705, 65, 740, 204, 555, 375, 596, 345, 37, 601, 38, 343, 578, 640, 178, 526, 104, 239, 99, 663, 585, 356, 660, 201, 429, 277, 574, 378, 497, 214, 159, 352, 609, 551, 387, 246, 396, 106, 709, 510, 293, 76, 737, 654, 383]",unsupervised_cae,0.019352370873093605,0.7913571428571429,0.7913571428571429,0.7894127588516284
fashion_mnist,3,50,"[261, 76, 257, 299, 70, 154, 574, 295, 126, 426, 372, 602, 621, 287, 317, 742, 630, 163, 383, 750, 258, 45, 334, 38, 92, 416, 427, 434, 496, 269, 133, 552, 221, 764, 323, 390, 649, 501, 37, 231, 498, 580, 219, 389, 289, 286, 14, 746, 134, 716]",supervised_cae,0.021675188094377518,0.8015,0.8015000000000001,0.7996634780434047
fashion_mnist,4,50,"[76, 102, 743, 211, 341, 417, 92, 248, 181, 445, 608, 709, 690, 747, 189, 404, 735, 658, 679, 554, 240, 262, 480, 258, 191, 353, 597, 627, 347, 511, 173, 637, 344, 244, 301, 668, 570, 523, 290, 705, 42, 45, 378, 214, 574, 441, 129, 103, 640, 287]",unsupervised_cae,0.01964619755744934,0.7958571428571428,0.7958571428571429,0.7938984803477036
fashion_mnist,4,50,"[357, 417, 38, 272, 314, 354, 385, 399, 742, 14, 442, 289, 605, 37, 593, 45, 650, 404, 500, 154, 372, 163, 362, 162, 126, 259, 17, 207, 580, 70, 98, 64, 428, 546, 220, 379, 417, 92, 286, 610, 742, 219, 770, 105, 574, 47, 434, 342, 289, 257]",supervised_cae,0.022666586562991142,0.8048571428571428,0.8048571428571429,0.8029050852987047
fashion_mnist,5,50,"[613, 261, 722, 382, 106, 482, 668, 301, 238, 577, 264, 462, 389, 525, 119, 315, 345, 247, 41, 623, 160, 277, 94, 683, 580, 73, 484, 127, 767, 46, 716, 185, 606, 321, 64, 746, 651, 201, 639, 424, 13, 686, 663, 411, 604, 737, 537, 573, 187, 373]",unsupervised_cae,0.01936732791364193,0.7996428571428571,0.7996428571428572,0.7977756470157034
fashion_mnist,5,50,"[574, 378, 301, 342, 92, 14, 400, 295, 38, 334, 649, 298, 248, 362, 608, 162, 378, 733, 770, 46, 634, 118, 241, 258, 416, 676, 385, 552, 118, 38, 17, 126, 39, 546, 621, 389, 234, 238, 260, 540, 770, 585, 285, 329, 371, 742, 156, 249, 76, 317]",supervised_cae,0.022606266662478447,0.8071428571428572,0.8071428571428572,0.8058837910807432
fashion_mnist,6,50,"[302, 736, 609, 453, 209, 360, 499, 323, 747, 574, 538, 75, 291, 262, 684, 322, 326, 13, 271, 396, 613, 160, 37, 634, 174, 524, 106, 717, 743, 708, 248, 706, 245, 346, 456, 598, 709, 663, 651, 345, 260, 99, 535, 403, 624, 648, 211, 159, 162, 434]",unsupervised_cae,0.019455155357718468,0.7885,0.7885,0.7861333787401528
fashion_mnist,6,50,"[276, 742, 91, 434, 546, 45, 289, 454, 714, 269, 384, 634, 70, 92, 770, 37, 568, 605, 610, 377, 373, 14, 316, 201, 434, 189, 398, 766, 248, 300, 574, 210, 13, 77, 621, 277, 249, 38, 231, 46, 537, 442, 232, 390, 580, 92, 258, 191, 602, 404]",supervised_cae,0.022662458941340446,0.8092857142857143,0.8092857142857142,0.8077537312646017
fashion_mnist,7,50,"[332, 637, 242, 500, 568, 657, 606, 229, 102, 546, 747, 329, 523, 321, 313, 362, 63, 429, 233, 575, 612, 158, 247, 708, 598, 276, 288, 718, 292, 146, 43, 689, 212, 188, 200, 733, 711, 607, 312, 439, 654, 536, 707, 406, 567, 46, 161, 545, 695, 454]",unsupervised_cae,0.019734833389520645,0.7855714285714286,0.7855714285714286,0.7834989397627592
fashion_mnist,7,50,"[258, 580, 258, 258, 248, 13, 269, 289, 372, 249, 11, 238, 742, 362, 176, 602, 537, 378, 37, 490, 314, 416, 744, 546, 247, 260, 611, 289, 269, 92, 417, 342, 770, 574, 540, 189, 334, 229, 708, 343, 210, 317, 97, 118, 621, 151, 301, 45, 621, 163]",supervised_cae,0.023344939574599266,0.7988571428571428,0.7988571428571428,0.7976581714268627
fashion_mnist,8,50,"[686, 105, 583, 156, 635, 742, 709, 355, 374, 682, 694, 102, 662, 374, 45, 551, 98, 291, 204, 64, 320, 344, 444, 735, 692, 398, 509, 599, 211, 428, 191, 668, 340, 496, 637, 217, 273, 13, 574, 573, 146, 271, 745, 397, 378, 305, 581, 629, 289, 39]",unsupervised_cae,0.019884692505002022,0.7917857142857143,0.7917857142857143,0.7900896794811668
fashion_mnist,8,50,"[537, 417, 190, 276, 269, 70, 92, 249, 399, 362, 462, 317, 70, 630, 15, 106, 258, 13, 610, 258, 235, 45, 220, 218, 39, 635, 745, 417, 406, 621, 355, 385, 235, 611, 370, 231, 239, 13, 104, 334, 574, 38, 46, 742, 173, 454, 232, 230, 92, 241]",supervised_cae,0.0240134559571743,0.7912857142857143,0.7912857142857144,0.7885360227923324
fashion_mnist,9,50,"[743, 680, 382, 184, 434, 320, 527, 723, 160, 426, 568, 538, 557, 649, 43, 709, 428, 749, 231, 206, 317, 182, 276, 228, 417, 455, 63, 46, 601, 651, 690, 682, 536, 592, 237, 131, 91, 271, 38, 377, 571, 299, 633, 630, 301, 637, 747, 396, 484, 314]",unsupervised_cae,0.01960945688188076,0.7973571428571429,0.7973571428571429,0.7957353827720598
fashion_mnist,9,50,"[14, 742, 770, 77, 417, 327, 385, 126, 440, 46, 92, 428, 134, 133, 270, 605, 70, 258, 651, 260, 416, 45, 610, 220, 257, 621, 148, 305, 334, 231, 221, 269, 770, 289, 37, 406, 77, 343, 573, 289, 342, 608, 546, 11, 258, 630, 621, 611, 305, 152]",supervised_cae,0.02313280664384365,0.8062142857142857,0.8062142857142856,0.8050057737949008
fashion_mnist,10,50,"[296, 751, 161, 556, 380, 553, 585, 304, 687, 428, 260, 627, 574, 272, 348, 712, 653, 385, 456, 677, 286, 510, 220, 350, 321, 127, 264, 285, 714, 452, 243, 118, 42, 417, 104, 595, 611, 607, 746, 155, 37, 544, 317, 679, 344, 228, 233, 41, 578, 619]",unsupervised_cae,0.019693681970238686,0.7958571428571428,0.7958571428571429,0.7944327904288319
fashion_mnist,10,50,"[38, 76, 70, 229, 235, 745, 239, 258, 92, 45, 134, 238, 453, 133, 440, 351, 582, 770, 38, 580, 770, 399, 317, 260, 638, 163, 658, 462, 443, 258, 14, 567, 605, 269, 370, 412, 305, 574, 406, 248, 416, 258, 173, 765, 580, 362, 289, 649, 98, 404]",supervised_cae,0.022438079118728638,0.8069285714285714,0.8069285714285714,0.805916821703196
fashion_mnist,11,50,"[157, 479, 303, 75, 305, 383, 322, 352, 246, 640, 538, 470, 424, 737, 744, 72, 512, 345, 371, 376, 685, 408, 93, 229, 97, 90, 156, 599, 236, 468, 571, 582, 176, 290, 132, 748, 214, 400, 637, 490, 15, 607, 677, 662, 319, 664, 546, 585, 608, 188]",unsupervised_cae,0.019654538482427597,0.7797857142857143,0.7797857142857143,0.7774717019454407
fashion_mnist,11,50,"[362, 462, 378, 317, 407, 261, 133, 14, 602, 45, 738, 610, 453, 742, 390, 580, 417, 150, 399, 630, 327, 441, 355, 571, 230, 257, 546, 38, 314, 207, 92, 770, 17, 770, 13, 249, 191, 70, 249, 269, 770, 126, 593, 77, 260, 750, 92, 231, 580, 14]",supervised_cae,0.023096133023500443,0.8051428571428572,0.8051428571428572,0.803451041887093
fashion_mnist,12,50,"[91, 485, 98, 479, 201, 663, 277, 746, 613, 596, 288, 322, 216, 658, 407, 318, 182, 712, 630, 716, 577, 737, 331, 592, 733, 668, 369, 191, 237, 355, 373, 455, 446, 623, 132, 184, 546, 340, 398, 102, 580, 598, 650, 707, 93, 274, 554, 46, 443, 681]",unsupervised_cae,0.019175002351403236,0.7973571428571429,0.7973571428571429,0.7956279772568748
fashion_mnist,12,50,"[574, 38, 355, 384, 258, 501, 580, 302, 744, 428, 442, 770, 742, 389, 207, 220, 434, 70, 123, 46, 602, 443, 288, 454, 295, 407, 362, 76, 45, 258, 257, 14, 676, 287, 77, 119, 70, 133, 537, 163, 770, 580, 680, 343, 289, 416, 98, 249, 126, 289]",supervised_cae,0.022602947428822517,0.8050714285714285,0.8050714285714285,0.8035623319469597
fashion_mnist,13,50,"[345, 609, 92, 246, 66, 603, 686, 399, 627, 312, 621, 613, 747, 381, 573, 293, 462, 634, 356, 689, 42, 608, 39, 485, 546, 739, 276, 260, 680, 744, 539, 298, 347, 439, 131, 526, 180, 77, 220, 289, 679, 230, 186, 211, 565, 383, 406, 206, 722, 452]",unsupervised_cae,0.01952870935201645,0.786,0.7859999999999999,0.7839652664989454
fashion_mnist,13,50,"[119, 342, 577, 70, 546, 580, 434, 764, 92, 745, 38, 323, 191, 45, 162, 126, 342, 231, 154, 258, 676, 299, 267, 39, 602, 261, 17, 742, 333, 770, 63, 389, 417, 46, 220, 14, 345, 770, 39, 289, 261, 454, 385, 745, 249, 202, 568, 639, 462, 428]",supervised_cae,0.023641809821128845,0.8114285714285714,0.8114285714285714,0.81047046640162
fashion_mnist,14,50,"[347, 578, 585, 264, 220, 723, 736, 341, 331, 526, 201, 205, 186, 591, 609, 402, 42, 288, 651, 744, 677, 608, 693, 400, 711, 350, 426, 189, 321, 714, 328, 63, 630, 248, 75, 510, 343, 605, 203, 232, 411, 653, 691, 500, 184, 546, 275, 99, 407, 234]",unsupervised_cae,0.019731786102056503,0.7800714285714285,0.7800714285714285,0.777870001526568
fashion_mnist,14,50,"[70, 11, 384, 764, 45, 546, 714, 439, 630, 123, 345, 261, 191, 39, 104, 14, 417, 257, 406, 313, 490, 583, 269, 404, 260, 415, 343, 98, 190, 220, 621, 355, 76, 385, 38, 231, 398, 92, 498, 154, 258, 428, 237, 249, 417, 650, 745, 537, 404, 608]",supervised_cae,0.021906552836298943,0.8032142857142858,0.8032142857142857,0.8020303620443265
fashion_mnist,15,50,"[244, 155, 743, 387, 469, 376, 400, 484, 736, 528, 568, 543, 705, 600, 128, 346, 355, 176, 301, 264, 619, 686, 131, 578, 37, 284, 635, 247, 39, 234, 711, 507, 76, 229, 398, 317, 538, 277, 665, 718, 610, 314, 462, 681, 434, 658, 667, 211, 602, 42]",unsupervised_cae,0.01954621449112892,0.7932142857142858,0.7932142857142856,0.7911879624651494
fashion_mnist,15,50,"[154, 379, 191, 770, 38, 443, 261, 630, 17, 705, 14, 585, 288, 104, 269, 636, 468, 259, 46, 385, 609, 621, 546, 258, 580, 568, 70, 76, 210, 742, 389, 221, 770, 207, 220, 577, 390, 302, 372, 258, 232, 257, 370, 39, 38, 574, 417, 537, 454, 317]",supervised_cae,0.02211597003042698,0.8096428571428571,0.8096428571428571,0.8085470865620025
fashion_mnist,16,50,"[237, 248, 317, 746, 708, 383, 284, 595, 432, 98, 37, 233, 613, 77, 686, 288, 540, 274, 462, 553, 133, 695, 527, 396, 160, 103, 213, 718, 359, 214, 292, 126, 118, 629, 318, 454, 683, 635, 606, 40, 575, 651, 625, 176, 333, 676, 321, 444, 735, 693]",unsupervised_cae,0.01954757235944271,0.7943571428571429,0.7943571428571428,0.7919903835803813
fashion_mnist,16,50,"[454, 611, 462, 162, 269, 92, 249, 742, 744, 118, 39, 537, 608, 275, 428, 39, 327, 770, 37, 284, 357, 676, 232, 602, 434, 123, 90, 146, 163, 45, 343, 286, 220, 210, 574, 70, 13, 239, 257, 585, 261, 362, 605, 38, 76, 379, 38, 417, 317, 434]",supervised_cae,0.02233954146504402,0.8044285714285714,0.8044285714285715,0.8026629496325904
fashion_mnist,17,50,"[38, 740, 350, 183, 605, 680, 574, 586, 623, 42, 293, 46, 425, 118, 327, 184, 217, 508, 344, 361, 220, 734, 456, 461, 640, 289, 656, 385, 717, 103, 215, 146, 175, 424, 284, 538, 430, 580, 667, 319, 526, 105, 370, 303, 236, 440, 747, 709, 159, 607]",unsupervised_cae,0.019424285739660263,0.7949285714285714,0.7949285714285714,0.7937286406134886
fashion_mnist,17,50,"[417, 295, 384, 770, 70, 106, 442, 277, 231, 92, 528, 247, 190, 406, 298, 583, 742, 228, 621, 258, 220, 399, 11, 14, 750, 76, 428, 351, 126, 742, 574, 230, 352, 260, 45, 230, 426, 317, 179, 415, 744, 501, 546, 315, 38, 389, 163, 220, 606, 154]",supervised_cae,0.022470569238066673,0.8043571428571429,0.8043571428571429,0.8026795989106716
fashion_mnist,18,50,"[228, 289, 288, 100, 723, 343, 747, 451, 641, 743, 708, 540, 45, 361, 686, 693, 603, 498, 160, 175, 529, 745, 201, 396, 374, 574, 371, 620, 406, 349, 214, 209, 42, 612, 496, 428, 134, 120, 294, 553, 690, 274, 216, 75, 71, 41, 628, 410, 426, 537]",unsupervised_cae,0.01961715891957283,0.7869285714285714,0.7869285714285714,0.7849318226178096
fashion_mnist,18,50,"[609, 14, 261, 764, 356, 416, 248, 231, 289, 427, 770, 329, 355, 92, 260, 602, 289, 270, 400, 434, 745, 92, 593, 151, 404, 305, 45, 92, 407, 385, 608, 123, 119, 537, 182, 585, 417, 416, 390, 106, 190, 37, 370, 220, 104, 202, 286, 39, 580, 38]",supervised_cae,0.02347603440284729,0.8081428571428572,0.8081428571428573,0.8071358606560152
fashion_mnist,19,50,"[416, 211, 599, 155, 70, 133, 483, 290, 452, 747, 634, 602, 319, 276, 44, 592, 184, 397, 163, 146, 301, 628, 46, 688, 289, 509, 315, 256, 417, 546, 286, 498, 322, 64, 650, 713, 664, 507, 326, 355, 609, 345, 743, 679, 204, 44, 689, 462, 246, 723]",unsupervised_cae,0.019996482878923416,0.7978571428571428,0.7978571428571428,0.7964266872122168
fashion_mnist,19,50,"[241, 389, 621, 126, 468, 639, 434, 39, 345, 269, 608, 258, 404, 315, 400, 92, 621, 289, 416, 355, 630, 235, 14, 77, 133, 370, 770, 249, 286, 407, 248, 154, 552, 191, 770, 418, 260, 362, 98, 37, 273, 574, 574, 316, 742, 220, 38, 261, 582, 231]",supervised_cae,0.023740164935588837,0.8033571428571429,0.8033571428571429,0.8016887358251262
mnist,0,50,"[289, 299, 208, 412, 627, 488, 238, 572, 512, 374, 463, 408, 177, 596, 634, 151, 348, 403, 154, 293, 401, 260, 604, 259, 241, 538, 217, 352, 295, 683, 182, 301, 239, 497, 398, 542, 659, 574, 458, 318, 210, 438, 495, 623, 521, 378, 578, 442, 547, 187]",unsupervised_cae,0.01973596215248108,0.8638571428571429,0.8616376916390264,0.861434568362639
mnist,0,50,"[433, 437, 181, 242, 149, 348, 405, 358, 125, 514, 462, 538, 153, 659, 660, 430, 440, 511, 403, 327, 656, 436, 124, 490, 243, 569, 219, 290, 323, 576, 398, 153, 544, 239, 380, 210, 430, 377, 346, 297, 466, 274, 571, 514, 344, 409, 554, 427, 456, 623]",supervised_cae,0.02384578436613083,0.874,0.8722178593841198,0.8720062001410389
mnist,1,50,"[244, 295, 218, 351, 298, 608, 325, 470, 261, 654, 426, 384, 579, 293, 317, 465, 657, 209, 488, 431, 525, 604, 601, 405, 514, 468, 159, 372, 241, 328, 598, 428, 435, 151, 264, 547, 595, 410, 187, 342, 374, 185, 349, 518, 290, 571, 522, 127, 540, 491]",unsupervised_cae,0.01943228393793106,0.8685714285714285,0.8665307728285127,0.8665438863873194
mnist,1,50,"[468, 490, 552, 271, 541, 516, 456, 327, 371, 379, 402, 347, 386, 370, 237, 572, 525, 353, 156, 182, 349, 350, 656, 405, 430, 211, 405, 461, 295, 375, 177, 348, 154, 569, 154, 243, 567, 328, 486, 428, 269, 436, 522, 268, 433, 261, 317, 437, 219, 317]",supervised_cae,0.0241222083568573,0.8718571428571429,0.8699577469080235,0.8696562005435275
mnist,2,50,"[208, 546, 403, 596, 522, 457, 605, 601, 433, 543, 234, 300, 354, 492, 489, 184, 442, 373, 259, 292, 349, 297, 177, 411, 623, 486, 216, 655, 125, 263, 128, 598, 631, 398, 290, 211, 545, 440, 372, 661, 178, 408, 575, 378, 347, 510, 267, 243, 438, 213]",unsupervised_cae,0.0193382166326046,0.8665,0.8642359849616277,0.8639743703411884
mnist,2,50,"[569, 404, 322, 428, 295, 490, 576, 516, 275, 538, 405, 189, 402, 177, 358, 182, 371, 439, 569, 514, 247, 216, 486, 290, 156, 464, 355, 408, 123, 211, 403, 236, 153, 581, 427, 297, 267, 319, 353, 573, 328, 656, 371, 348, 125, 378, 497, 434, 567, 272]",supervised_cae,0.02347787842154503,0.8776428571428572,0.8759140973132519,0.8757982437496512
mnist,3,50,"[299, 605, 439, 157, 268, 182, 512, 548, 316, 272, 434, 329, 461, 519, 628, 465, 403, 570, 426, 410, 399, 498, 572, 683, 177, 595, 441, 630, 259, 514, 297, 656, 153, 187, 242, 293, 405, 350, 653, 575, 151, 217, 546, 429, 486, 380, 522, 237, 234, 318]",unsupervised_cae,0.01954122632741928,0.8565,0.8539899102539066,0.8538792677380089
mnist,3,50,"[486, 544, 156, 344, 399, 243, 515, 378, 380, 579, 246, 176, 490, 568, 386, 656, 496, 211, 463, 460, 541, 405, 348, 567, 579, 325, 438, 713, 437, 263, 575, 318, 317, 182, 295, 386, 403, 247, 456, 576, 566, 328, 427, 270, 158, 151, 489, 375, 429, 350]",supervised_cae,0.023572934791445732,0.8680714285714286,0.866161542296304,0.8661272155167241
mnist,4,50,"[320, 264, 434, 572, 322, 379, 301, 547, 155, 326, 683, 653, 410, 400, 158, 491, 262, 211, 631, 488, 542, 578, 266, 496, 597, 602, 627, 187, 402, 512, 232, 566, 459, 634, 384, 454, 296, 465, 494, 345, 497, 549, 151, 404, 241, 204, 656, 343, 376, 456]",unsupervised_cae,0.019178420305252075,0.8688571428571429,0.8665871813472057,0.8663390378478896
mnist,4,50,"[465, 205, 517, 327, 515, 263, 351, 244, 403, 461, 176, 542, 270, 526, 463, 407, 487, 294, 349, 377, 190, 211, 247, 601, 439, 154, 295, 657, 328, 401, 414, 125, 371, 347, 538, 324, 239, 427, 243, 317, 377, 485, 181, 510, 683, 576, 381, 150, 485, 570]",supervised_cae,0.022920742630958557,0.8764285714285714,0.8746370585033734,0.87450501518451
mnist,5,50,"[273, 371, 342, 318, 211, 485, 384, 542, 630, 405, 626, 430, 518, 467, 127, 234, 547, 654, 580, 297, 157, 659, 515, 346, 567, 235, 205, 188, 326, 657, 403, 572, 408, 322, 510, 242, 316, 355, 265, 634, 442, 461, 656, 376, 577, 373, 153, 493, 623, 428]",unsupervised_cae,0.019860729575157166,0.8667857142857143,0.864505625212996,0.8642559908146412
mnist,5,50,"[382, 267, 182, 433, 414, 463, 190, 322, 351, 247, 487, 544, 211, 235, 656, 319, 325, 538, 154, 456, 153, 156, 398, 544, 490, 660, 297, 437, 485, 203, 124, 405, 608, 377, 543, 328, 243, 576, 402, 317, 320, 371, 569, 297, 177, 550, 350, 437, 553, 571]",supervised_cae,0.02324717864394188,0.8757142857142857,0.8737668161161765,0.873566781971322
mnist,6,50,"[181, 492, 428, 515, 409, 546, 550, 458, 654, 347, 538, 326, 406, 344, 495, 517, 657, 634, 660, 329, 485, 242, 186, 317, 342, 521, 403, 182, 355, 628, 217, 463, 125, 236, 429, 571, 573, 439, 234, 264, 540, 179, 204, 575, 322, 624, 297, 239, 270, 461]",unsupervised_cae,0.019883671775460243,0.8585714285714285,0.8564864200163926,0.856332238807178
mnist,6,50,"[327, 656, 156, 326, 346, 153, 158, 607, 404, 573, 437, 569, 455, 375, 347, 566, 316, 595, 463, 320, 247, 405, 456, 154, 350, 430, 489, 211, 290, 344, 358, 577, 434, 539, 543, 237, 462, 485, 571, 327, 487, 297, 203, 658, 243, 576, 123, 344, 149, 267]",supervised_cae,0.023193350061774254,0.8684285714285714,0.8664862019541918,0.8665794071552029
mnist,7,50,"[328, 177, 513, 493, 438, 519, 658, 684, 182, 404, 484, 371, 152, 430, 489, 603, 470, 460, 412, 291, 217, 653, 568, 345, 577, 379, 293, 287, 381, 234, 296, 238, 208, 269, 495, 243, 323, 660, 543, 128, 627, 600, 240, 159, 538, 429, 321, 546, 375, 634]",unsupervised_cae,0.019480599090456963,0.8652142857142857,0.8626818135264029,0.8624522226141369
mnist,7,50,"[541, 514, 124, 155, 247, 490, 358, 190, 325, 211, 153, 346, 346, 328, 272, 441, 243, 210, 566, 373, 567, 247, 377, 348, 456, 486, 487, 570, 242, 439, 295, 433, 403, 437, 317, 429, 657, 316, 247, 380, 577, 514, 378, 572, 463, 323, 177, 465, 516, 538]",supervised_cae,0.02500489354133606,0.8669285714285714,0.8649531715800531,0.8647450541805919
mnist,8,50,"[236, 577, 272, 403, 157, 318, 628, 292, 486, 214, 459, 379, 246, 412, 602, 496, 547, 351, 343, 177, 520, 571, 269, 297, 659, 329, 265, 376, 240, 494, 323, 182, 400, 491, 566, 188, 355, 152, 574, 434, 294, 465, 512, 607, 409, 517, 482, 326, 261, 570]",unsupervised_cae,0.019618287682533264,0.8722857142857143,0.870407073642119,0.8702860981194084
mnist,8,50,"[377, 235, 347, 241, 352, 176, 402, 317, 219, 275, 211, 486, 399, 414, 323, 569, 271, 456, 485, 514, 322, 182, 157, 574, 268, 358, 433, 238, 326, 543, 371, 437, 433, 656, 554, 462, 153, 190, 429, 658, 380, 595, 594, 347, 153, 177, 538, 570, 348, 326]",supervised_cae,0.025291118770837784,0.8723571428571428,0.8703921699588703,0.8703365311953808
mnist,9,50,"[268, 657, 402, 405, 459, 521, 515, 380, 600, 518, 156, 345, 293, 188, 378, 464, 412, 438, 348, 181, 325, 212, 625, 608, 462, 428, 570, 382, 347, 319, 273, 178, 484, 264, 381, 159, 215, 575, 550, 544, 126, 299, 235, 151, 566, 482, 260, 604, 497, 370]",unsupervised_cae,0.019269485026597977,0.8660714285714286,0.8639025343845823,0.8636419744482458
mnist,9,50,"[490, 550, 153, 219, 324, 371, 381, 399, 318, 182, 439, 347, 386, 343, 237, 322, 430, 157, 486, 402, 515, 243, 464, 247, 153, 434, 149, 234, 567, 575, 348, 352, 375, 659, 554, 211, 357, 406, 327, 572, 433, 656, 274, 267, 541, 465, 317, 456, 300, 377]",supervised_cae,0.022278985008597374,0.8778571428571429,0.8760025862355354,0.8758425745000367
mnist,10,50,"[380, 566, 656, 188, 323, 607, 574, 569, 293, 403, 686, 577, 516, 300, 346, 262, 344, 493, 462, 398, 429, 377, 212, 297, 539, 514, 631, 356, 266, 433, 152, 271, 600, 518, 128, 541, 627, 469, 204, 348, 241, 237, 410, 208, 548, 653, 553, 495, 660, 260]",unsupervised_cae,0.019447967410087585,0.8717142857142857,0.8693665717022823,0.8693015701852846
mnist,10,50,"[125, 575, 459, 190, 595, 377, 515, 568, 348, 270, 233, 377, 578, 403, 371, 351, 464, 374, 433, 327, 550, 325, 371, 149, 386, 538, 428, 467, 437, 156, 489, 157, 350, 239, 581, 409, 263, 271, 353, 485, 297, 153, 542, 210, 289, 657, 571, 456, 348, 295]",supervised_cae,0.023403916507959366,0.8716428571428572,0.8697542367021791,0.869708157142964
mnist,11,50,"[494, 371, 376, 629, 598, 493, 266, 431, 456, 330, 292, 372, 384, 468, 548, 176, 373, 287, 213, 402, 406, 381, 571, 327, 546, 153, 185, 269, 489, 524, 514, 159, 522, 208, 177, 235, 603, 438, 512, 464, 634, 243, 538, 654, 490, 573, 182, 323, 317, 245]",unsupervised_cae,0.019974762573838234,0.8592857142857143,0.8570231859395818,0.8568724174662368
mnist,11,50,"[329, 522, 241, 571, 299, 484, 344, 433, 402, 178, 349, 437, 404, 440, 322, 380, 685, 596, 347, 655, 400, 325, 371, 378, 542, 125, 247, 124, 567, 659, 266, 375, 211, 247, 461, 317, 290, 456, 486, 296, 456, 467, 463, 154, 579, 486, 602, 576, 355, 489]",supervised_cae,0.022865163162350655,0.8722857142857143,0.8705065478721931,0.8703077002658484
mnist,12,50,"[321, 319, 234, 326, 461, 266, 158, 324, 546, 272, 634, 377, 204, 242, 381, 352, 575, 178, 517, 239, 493, 216, 414, 594, 287, 319, 329, 653, 184, 542, 457, 399, 431, 468, 600, 209, 518, 577, 659, 402, 580, 569, 345, 655, 187, 246, 511, 355, 466, 630]",unsupervised_cae,0.01983904093503952,0.8547857142857143,0.8526880057488212,0.852355121352141
mnist,12,50,"[712, 153, 358, 373, 567, 157, 290, 211, 348, 274, 437, 376, 550, 322, 244, 542, 371, 572, 295, 594, 150, 352, 484, 489, 238, 379, 374, 655, 270, 567, 543, 463, 350, 230, 428, 429, 327, 486, 433, 219, 300, 317, 319, 149, 569, 269, 433, 374, 657, 430]",supervised_cae,0.024723004549741745,0.8680714285714286,0.8662554144655866,0.8660698817167909
mnist,13,50,"[660, 245, 356, 442, 354, 403, 568, 490, 624, 454, 238, 654, 270, 373, 177, 629, 467, 631, 456, 319, 434, 543, 324, 607, 213, 271, 293, 289, 182, 156, 548, 158, 438, 232, 292, 409, 208, 572, 516, 541, 594, 295, 126, 377, 553, 493, 486, 577, 458, 550]",unsupervised_cae,0.019419414922595024,0.8711428571428571,0.8689916683547422,0.8688094648061486
mnist,13,50,"[124, 405, 660, 516, 576, 328, 236, 542, 374, 125, 270, 408, 317, 326, 572, 380, 607, 403, 377, 267, 464, 456, 572, 569, 566, 514, 210, 439, 238, 656, 155, 317, 294, 554, 247, 323, 244, 386, 176, 219, 158, 461, 490, 596, 371, 429, 348, 325, 410, 371]",supervised_cae,0.022825883701443672,0.8753571428571428,0.8734682632706272,0.8733236431755209
mnist,14,50,"[209, 326, 187, 318, 272, 628, 410, 234, 204, 486, 659, 128, 242, 510, 542, 155, 574, 355, 259, 267, 265, 576, 428, 462, 406, 519, 544, 320, 350, 317, 520, 684, 433, 597, 158, 540, 212, 436, 217, 442, 374, 653, 151, 384, 321, 403, 635, 522, 324, 493]",unsupervised_cae,0.019528698176145554,0.8655714285714285,0.8634000759451101,0.8632253293965266
mnist,14,50,"[455, 153, 353, 210, 538, 345, 299, 316, 576, 378, 596, 542, 290, 433, 549, 490, 243, 267, 414, 543, 320, 371, 357, 322, 402, 487, 573, 487, 456, 657, 485, 437, 554, 297, 153, 497, 177, 125, 410, 349, 656, 346, 219, 183, 211, 570, 377, 403, 323, 376]",supervised_cae,0.023505844175815582,0.8686428571428572,0.8665373741014031,0.8662913367128169
mnist,15,50,"[488, 599, 347, 438, 546, 430, 552, 522, 544, 440, 405, 213, 510, 520, 350, 352, 540, 462, 526, 630, 295, 155, 329, 382, 236, 653, 569, 299, 603, 577, 518, 298, 232, 293, 456, 372, 127, 574, 150, 317, 180, 371, 188, 234, 458, 239, 594, 269, 514, 660]",unsupervised_cae,0.019718771800398827,0.8705,0.8682391106298123,0.8681344181669826
mnist,15,50,"[347, 595, 485, 658, 153, 437, 541, 656, 211, 438, 407, 405, 487, 402, 247, 183, 371, 554, 267, 325, 456, 554, 317, 543, 355, 343, 157, 430, 433, 601, 682, 349, 156, 296, 290, 242, 299, 574, 358, 567, 455, 343, 124, 490, 153, 346, 350, 464, 204, 539]",supervised_cae,0.02402529865503311,0.8725714285714286,0.870675818868305,0.8704940968158397
mnist,16,50,"[375, 461, 518, 542, 185, 244, 293, 187, 463, 659, 352, 319, 496, 521, 657, 301, 384, 178, 378, 595, 486, 189, 483, 470, 574, 262, 540, 571, 371, 216, 181, 295, 287, 241, 373, 204, 238, 551, 655, 299, 603, 125, 326, 634, 514, 578, 404, 410, 430, 412]",unsupervised_cae,0.019915597513318062,0.8667857142857143,0.8645160691740467,0.8644576736889491
mnist,16,50,"[572, 406, 211, 372, 210, 402, 327, 414, 247, 514, 154, 462, 486, 398, 490, 595, 455, 348, 655, 271, 437, 318, 429, 153, 438, 378, 157, 568, 344, 269, 150, 125, 291, 377, 319, 575, 433, 349, 375, 515, 542, 323, 658, 595, 182, 353, 176, 657, 538, 244]",supervised_cae,0.024227187037467957,0.8720714285714286,0.8699692888508679,0.8698134690259327
mnist,17,50,"[571, 353, 321, 375, 209, 660, 350, 569, 455, 297, 207, 573, 246, 520, 512, 406, 343, 373, 429, 299, 157, 356, 542, 265, 330, 577, 630, 625, 463, 152, 212, 439, 272, 290, 539, 634, 431, 486, 523, 487, 538, 466, 526, 623, 188, 267, 383, 683, 627, 521]",unsupervised_cae,0.01985500380396843,0.8674285714285714,0.8651983598378765,0.8649543624441339
mnist,17,50,"[244, 350, 353, 414, 430, 235, 296, 327, 149, 538, 317, 371, 514, 242, 356, 406, 439, 655, 428, 125, 514, 374, 156, 376, 487, 183, 456, 211, 490, 347, 437, 549, 239, 543, 190, 573, 151, 569, 570, 344, 294, 234, 657, 433, 554, 352, 538, 290, 271, 516]",supervised_cae,0.022961586713790894,0.8739285714285714,0.8717314250453351,0.8714166736150405
mnist,18,50,"[184, 467, 264, 381, 567, 243, 603, 634, 521, 374, 653, 570, 323, 273, 209, 327, 379, 158, 469, 578, 463, 233, 660, 315, 517, 461, 266, 154, 404, 573, 187, 269, 262, 511, 569, 372, 460, 384, 204, 180, 348, 572, 189, 410, 627, 485, 127, 551, 428, 515]",unsupervised_cae,0.01959160901606083,0.863,0.8609784011303105,0.8608077701641031
mnist,18,50,"[486, 464, 485, 275, 437, 489, 370, 575, 656, 434, 270, 149, 344, 538, 570, 176, 572, 490, 429, 211, 320, 348, 660, 378, 295, 357, 487, 403, 653, 464, 411, 153, 427, 567, 219, 377, 238, 687, 207, 514, 317, 124, 432, 580, 375, 542, 156, 353, 316, 156]",supervised_cae,0.02379443123936653,0.8692857142857143,0.8673985912164124,0.867184228901186
mnist,19,50,"[660, 544, 240, 600, 184, 270, 411, 495, 458, 300, 603, 405, 569, 550, 233, 125, 410, 204, 217, 635, 511, 406, 182, 151, 290, 553, 315, 371, 316, 656, 427, 463, 373, 633, 237, 462, 566, 302, 482, 488, 214, 403, 353, 513, 624, 322, 493, 441, 348, 518]",unsupervised_cae,0.01989758014678955,0.867,0.8645993185020755,0.864393183696522
mnist,19,50,"[241, 209, 490, 402, 437, 463, 353, 351, 219, 211, 399, 567, 295, 406, 386, 578, 488, 572, 233, 290, 549, 659, 322, 542, 549, 433, 157, 344, 125, 241, 320, 376, 657, 156, 153, 345, 543, 204, 343, 537, 438, 328, 149, 349, 271, 402, 595, 486, 408, 455]",supervised_cae,0.023153359070420265,0.8685714285714285,0.8663701381498715,0.8662009992018536
isolet,0,50,"[383, 40, 179, 270, 144, 405, 282, 180, 533, 413, 400, 209, 402, 235, 46, 47, 95, 242, 390, 359, 532, 398, 389, 7, 9, 250, 496, 6, 408, 479, 80, 574, 79, 557, 354, 147, 79, 130, 17, 416, 414, 238, 429, 410, 15, 184, 145, 455, 407, 388]",unsupervised_cae,0.4047842025756836,0.7871794871794872,0.7871794871794872,0.7872743071516412
isolet,0,50,"[331, 78, 479, 487, 425, 203, 523, 418, 456, 425, 139, 544, 212, 453, 583, 425, 426, 435, 391, 516, 491, 179, 486, 172, 416, 46, 18, 435, 447, 220, 583, 453, 389, 290, 435, 212, 389, 180, 79, 260, 583, 214, 361, 393, 419, 396, 67, 425, 417, 207]",supervised_cae,0.4694702923297882,0.8403846153846154,0.8403846153846156,0.8388056697943932
isolet,1,50,"[144, 370, 200, 387, 389, 7, 188, 272, 604, 418, 279, 232, 456, 187, 498, 590, 404, 270, 13, 10, 404, 420, 385, 17, 137, 412, 554, 535, 68, 49, 458, 49, 392, 498, 34, 13, 46, 527, 398, 404, 196, 103, 251, 211, 418, 199, 489, 537, 464, 65]",unsupervised_cae,0.40059956908226013,0.8205128205128205,0.8205128205128205,0.8191876315354149
isolet,1,50,"[416, 385, 212, 359, 553, 75, 183, 109, 19, 388, 390, 140, 415, 263, 383, 210, 424, 395, 435, 431, 425, 385, 548, 584, 385, 545, 201, 418, 576, 487, 425, 393, 456, 395, 418, 549, 213, 425, 200, 141, 177, 214, 416, 385, 389, 173, 170, 411, 431, 583]",supervised_cae,0.49280497431755066,0.8602564102564103,0.8602564102564103,0.8591463332361718
isolet,2,50,"[370, 23, 359, 583, 18, 407, 375, 11, 200, 537, 229, 507, 63, 211, 467, 51, 402, 382, 8, 554, 39, 80, 270, 488, 409, 47, 435, 383, 406, 389, 406, 270, 397, 553, 7, 402, 466, 177, 168, 363, 524, 100, 401, 393, 179, 282, 271, 17, 492, 50]",unsupervised_cae,0.39829519391059875,0.825,0.8250000000000001,0.8228047530647559
isolet,2,50,"[183, 392, 198, 461, 394, 417, 202, 425, 521, 187, 204, 360, 49, 361, 212, 48, 394, 394, 457, 212, 486, 47, 394, 538, 418, 489, 394, 301, 459, 425, 415, 453, 298, 212, 557, 416, 361, 234, 579, 395, 213, 389, 261, 411, 425, 212, 170, 415, 201, 424]",supervised_cae,0.4755531847476959,0.8480769230769231,0.848076923076923,0.8481627359521595
isolet,3,50,"[536, 407, 114, 504, 591, 370, 579, 536, 16, 47, 272, 402, 403, 479, 196, 281, 579, 479, 360, 401, 287, 557, 231, 401, 70, 553, 200, 200, 15, 583, 407, 98, 14, 379, 145, 260, 210, 357, 375, 417, 177, 177, 49, 405, 340, 557, 463, 307, 305, 402]",unsupervised_cae,0.4178370237350464,0.8051282051282052,0.8051282051282052,0.8056323285624752
isolet,3,50,"[425, 418, 392, 546, 213, 425, 393, 393, 181, 454, 431, 411, 362, 417, 417, 521, 426, 180, 9, 172, 395, 583, 394, 388, 583, 203, 435, 424, 393, 424, 38, 212, 204, 44, 396, 414, 554, 78, 483, 418, 296, 389, 556, 203, 446, 173, 418, 455, 213, 553]",supervised_cae,0.50645911693573,0.8307692307692308,0.8307692307692308,0.8299620363386816
isolet,4,50,"[72, 462, 554, 233, 402, 46, 14, 80, 263, 48, 372, 287, 187, 1, 48, 17, 532, 406, 456, 50, 405, 401, 556, 8, 357, 146, 49, 539, 211, 390, 435, 387, 13, 78, 370, 388, 14, 177, 556, 294, 467, 146, 177, 410, 355, 418, 528, 554, 407, 81]",unsupervised_cae,0.40965816378593445,0.7762820512820513,0.7762820512820512,0.7758082478585776
isolet,4,50,"[417, 435, 424, 137, 523, 234, 426, 392, 424, 393, 521, 212, 513, 489, 382, 395, 20, 186, 554, 392, 183, 213, 555, 10, 101, 416, 76, 391, 419, 457, 269, 418, 394, 212, 394, 425, 426, 431, 383, 425, 204, 415, 200, 202, 492, 395, 210, 418, 39, 394]",supervised_cae,0.48055070638656616,0.8371794871794872,0.8371794871794871,0.8364200541946742
isolet,5,50,"[179, 98, 409, 12, 210, 524, 186, 146, 386, 478, 370, 209, 289, 144, 49, 559, 405, 411, 95, 558, 389, 374, 47, 100, 64, 112, 16, 15, 26, 93, 479, 456, 390, 524, 239, 383, 16, 589, 16, 82, 410, 82, 399, 590, 403, 269, 208, 370, 452, 180]",unsupervised_cae,0.42883720993995667,0.7583333333333333,0.7583333333333334,0.7571174089356733
isolet,5,50,"[434, 201, 395, 141, 434, 414, 434, 454, 394, 418, 384, 396, 219, 148, 557, 187, 209, 396, 488, 424, 389, 452, 417, 394, 425, 211, 388, 425, 211, 526, 212, 425, 172, 452, 487, 459, 234, 389, 385, 181, 521, 293, 178, 418, 554, 228, 394, 387, 204, 390]",supervised_cae,0.5015915036201477,0.8198717948717948,0.8198717948717948,0.8182727312022399
isolet,6,50,"[177, 33, 4, 306, 25, 126, 493, 390, 558, 371, 557, 45, 211, 147, 554, 178, 15, 39, 132, 454, 479, 557, 406, 556, 408, 10, 469, 558, 405, 306, 132, 406, 356, 146, 400, 146, 144, 16, 402, 13, 583, 162, 144, 30, 543, 273, 461, 173, 417, 395]",unsupervised_cae,0.3948614001274109,0.8153846153846154,0.8153846153846154,0.8138410126331139
isolet,6,50,"[425, 453, 521, 416, 553, 426, 393, 204, 457, 394, 394, 421, 46, 205, 385, 179, 184, 546, 394, 173, 487, 554, 418, 259, 100, 212, 212, 579, 135, 553, 200, 447, 11, 394, 412, 424, 241, 514, 203, 583, 452, 387, 387, 201, 395, 447, 179, 36, 514, 211]",supervised_cae,0.47422927618026733,0.8576923076923076,0.8576923076923075,0.8578006013363461
isolet,7,50,"[199, 64, 407, 16, 380, 388, 407, 30, 270, 210, 177, 46, 211, 394, 398, 180, 303, 177, 372, 358, 428, 401, 407, 478, 392, 393, 404, 455, 68, 405, 524, 17, 10, 463, 479, 404, 2, 399, 167, 390, 395, 493, 248, 46, 400, 209, 146, 406, 524, 406]",unsupervised_cae,0.4266093671321869,0.8179487179487179,0.817948717948718,0.8181454099971455
isolet,7,50,"[102, 418, 431, 259, 425, 453, 210, 514, 162, 393, 76, 425, 293, 546, 479, 427, 391, 393, 514, 414, 214, 169, 394, 392, 259, 180, 435, 382, 417, 457, 415, 435, 488, 391, 212, 389, 172, 15, 394, 432, 229, 9, 459, 211, 579, 555, 415, 212, 395, 111]",supervised_cae,0.46993765234947205,0.857051282051282,0.8570512820512821,0.8567619532408572
isolet,8,50,"[388, 14, 177, 558, 370, 306, 48, 491, 4, 103, 190, 341, 463, 372, 6, 453, 241, 526, 40, 145, 18, 144, 407, 454, 434, 212, 377, 387, 179, 570, 391, 387, 48, 34, 145, 34, 48, 403, 407, 177, 407, 390, 468, 280, 393, 40, 23, 469, 272, 407]",unsupervised_cae,0.4301859736442566,0.7897435897435897,0.7897435897435897,0.7884967070880897
isolet,8,50,"[393, 213, 546, 211, 435, 391, 555, 213, 410, 425, 213, 425, 393, 214, 390, 234, 548, 555, 173, 522, 548, 480, 553, 425, 66, 547, 396, 143, 392, 66, 418, 204, 2, 416, 415, 521, 519, 294, 426, 200, 416, 447, 293, 536, 8, 393, 455, 388, 101, 203]",supervised_cae,0.48374927043914795,0.8615384615384616,0.8615384615384615,0.8609886488699346
isolet,9,50,"[523, 405, 389, 21, 372, 407, 6, 17, 468, 406, 16, 208, 466, 115, 47, 380, 212, 557, 193, 179, 162, 479, 130, 177, 47, 431, 40, 199, 25, 112, 225, 47, 179, 407, 272, 409, 370, 479, 289, 264, 114, 393, 552, 568, 9, 554, 26, 435, 401, 372]",unsupervised_cae,0.4238451421260834,0.7993589743589744,0.7993589743589744,0.7986081672705326
isolet,9,50,"[203, 425, 416, 553, 393, 554, 172, 182, 129, 176, 431, 424, 434, 512, 457, 520, 425, 6, 553, 447, 357, 393, 203, 460, 546, 515, 104, 418, 204, 457, 521, 526, 424, 450, 394, 212, 264, 384, 535, 47, 446, 395, 543, 396, 418, 203, 426, 393, 414, 182]",supervised_cae,0.4740017354488373,0.860897435897436,0.8608974358974358,0.860323809845082
isolet,10,50,"[210, 189, 47, 490, 553, 399, 162, 491, 370, 167, 9, 412, 167, 404, 25, 209, 558, 16, 1, 47, 441, 47, 50, 371, 36, 406, 15, 404, 282, 164, 230, 46, 454, 359, 560, 385, 391, 404, 435, 406, 414, 304, 243, 492, 14, 537, 210, 46, 392, 208]",unsupervised_cae,0.4148421585559845,0.7814102564102564,0.7814102564102564,0.7819081133603145
isolet,10,50,"[393, 229, 212, 201, 226, 213, 416, 186, 69, 394, 424, 426, 394, 513, 151, 172, 11, 555, 583, 213, 212, 431, 435, 298, 17, 203, 416, 418, 392, 411, 454, 460, 214, 425, 49, 211, 584, 488, 299, 431, 389, 394, 551, 583, 414, 432, 555, 425, 396, 396]",supervised_cae,0.4691275358200073,0.8544871794871794,0.8544871794871796,0.8538908916701184
isolet,11,50,"[520, 491, 475, 16, 15, 208, 590, 187, 13, 31, 532, 423, 405, 177, 493, 98, 388, 371, 272, 463, 405, 304, 153, 390, 557, 406, 82, 557, 407, 491, 306, 38, 557, 503, 566, 371, 80, 411, 411, 79, 452, 462, 48, 340, 465, 390, 392, 416, 8, 9]",unsupervised_cae,0.40575000643730164,0.8141025641025641,0.814102564102564,0.8130770918940967
isolet,11,50,"[212, 212, 10, 212, 219, 417, 14, 202, 384, 200, 420, 520, 182, 555, 171, 259, 78, 216, 545, 517, 393, 388, 202, 212, 212, 202, 394, 460, 394, 514, 418, 79, 394, 555, 426, 558, 418, 45, 393, 172, 556, 393, 413, 391, 411, 76, 458, 449, 394, 418]",supervised_cae,0.47187188267707825,0.8435897435897436,0.8435897435897436,0.8420749661676845
isolet,12,50,"[408, 199, 144, 492, 49, 407, 47, 398, 41, 19, 231, 461, 112, 465, 423, 453, 177, 453, 68, 17, 17, 541, 22, 27, 212, 583, 406, 79, 47, 554, 568, 527, 405, 463, 465, 144, 377, 417, 179, 340, 8, 406, 435, 231, 534, 119, 390, 385, 18, 176]",unsupervised_cae,0.4099600315093994,0.7935897435897435,0.7935897435897435,0.7920643364714637
isolet,12,50,"[394, 364, 425, 71, 360, 11, 394, 213, 425, 579, 446, 362, 392, 514, 413, 410, 393, 176, 395, 393, 426, 415, 459, 204, 388, 423, 244, 212, 170, 384, 477, 16, 518, 394, 215, 203, 554, 212, 211, 395, 545, 515, 49, 202, 448, 418, 182, 425, 554, 436]",supervised_cae,0.4861951172351837,0.8301282051282052,0.8301282051282052,0.830204617142579
isolet,13,50,"[48, 16, 48, 357, 27, 63, 341, 4, 246, 341, 180, 134, 523, 406, 407, 555, 272, 112, 579, 269, 165, 154, 388, 407, 200, 404, 231, 478, 40, 113, 262, 555, 531, 47, 556, 322, 14, 17, 406, 389, 239, 397, 464, 15, 541, 568, 209, 177, 398, 306]",unsupervised_cae,0.4037470519542694,0.7448717948717949,0.7448717948717949,0.743511871250054
isolet,13,50,"[213, 393, 172, 394, 554, 179, 139, 431, 458, 485, 396, 66, 557, 394, 553, 519, 455, 415, 214, 212, 199, 18, 412, 513, 514, 395, 424, 171, 454, 214, 426, 393, 420, 213, 47, 173, 453, 388, 129, 146, 212, 79, 552, 432, 431, 179, 393, 394, 395, 425]",supervised_cae,0.47179022431373596,0.85,0.8499999999999999,0.8504605990954186
isolet,14,50,"[466, 407, 40, 465, 48, 522, 81, 80, 391, 113, 554, 402, 145, 47, 17, 260, 96, 381, 145, 49, 181, 164, 176, 325, 493, 273, 401, 30, 250, 420, 405, 557, 49, 233, 409, 144, 49, 306, 388, 559, 524, 413, 48, 47, 155, 214, 579, 9, 416, 387]",unsupervised_cae,0.41221779584884644,0.7474358974358974,0.7474358974358974,0.7453181778064012
isolet,14,50,"[69, 199, 416, 172, 212, 583, 547, 418, 394, 172, 360, 202, 238, 583, 417, 522, 204, 555, 556, 425, 485, 389, 479, 424, 435, 209, 417, 552, 200, 459, 180, 392, 395, 389, 456, 553, 394, 360, 417, 432, 388, 203, 583, 431, 132, 425, 392, 148, 233, 485]",supervised_cae,0.497195839881897,0.8346153846153846,0.8346153846153845,0.8346867133221676
isolet,15,50,"[406, 27, 371, 464, 398, 64, 50, 388, 405, 76, 179, 179, 14, 188, 460, 558, 553, 114, 17, 176, 583, 155, 454, 419, 407, 460, 565, 273, 537, 408, 409, 260, 14, 114, 8, 16, 7, 400, 80, 167, 171, 97, 26, 489, 80, 9, 395, 139, 48, 49]",unsupervised_cae,0.4131511151790619,0.816025641025641,0.816025641025641,0.8156241697190403
isolet,15,50,"[558, 426, 393, 406, 165, 101, 391, 203, 447, 382, 258, 453, 425, 395, 432, 390, 394, 46, 425, 425, 179, 425, 213, 513, 553, 178, 482, 202, 171, 424, 358, 416, 426, 179, 512, 148, 555, 515, 426, 452, 554, 424, 417, 418, 535, 417, 395, 417, 461, 583]",supervised_cae,0.47883355617523193,0.8551282051282051,0.8551282051282052,0.85494642109673
isolet,16,50,"[410, 25, 401, 274, 135, 46, 406, 59, 166, 116, 46, 8, 401, 524, 47, 40, 392, 554, 177, 36, 405, 388, 565, 272, 39, 135, 440, 27, 49, 537, 499, 80, 238, 270, 66, 80, 489, 420, 398, 405, 41, 25, 269, 559, 79, 66, 81, 130, 11, 408]",unsupervised_cae,0.42778047919273376,0.7814102564102564,0.7814102564102564,0.7808448471395162
isolet,16,50,"[362, 180, 432, 545, 453, 417, 558, 436, 555, 426, 425, 411, 212, 416, 426, 583, 520, 521, 391, 454, 161, 200, 546, 425, 412, 486, 418, 387, 139, 155, 178, 410, 458, 212, 394, 454, 583, 415, 395, 418, 361, 213, 521, 554, 388, 555, 417, 425, 583, 553]",supervised_cae,0.5006355047225952,0.8378205128205128,0.8378205128205127,0.8367401605480371
isolet,17,50,"[8, 340, 406, 579, 14, 371, 14, 16, 403, 177, 554, 389, 423, 407, 142, 31, 404, 111, 396, 58, 15, 16, 454, 305, 100, 177, 16, 81, 406, 411, 406, 393, 49, 1, 561, 435, 556, 523, 246, 197, 404, 398, 461, 578, 494, 387, 228, 457, 398, 404]",unsupervised_cae,0.43247702717781067,0.8121794871794872,0.8121794871794872,0.8113318641557383
isolet,17,50,"[417, 173, 79, 211, 213, 8, 11, 425, 39, 188, 446, 385, 179, 416, 233, 200, 394, 46, 180, 452, 232, 395, 129, 197, 106, 417, 213, 212, 172, 200, 141, 97, 426, 394, 433, 538, 187, 513, 360, 393, 417, 417, 134, 431, 171, 361, 426, 212, 583, 34]",supervised_cae,0.47388094663619995,0.8442307692307692,0.8442307692307692,0.8435210001143751
isolet,18,50,"[373, 183, 398, 39, 28, 479, 179, 16, 111, 210, 7, 180, 532, 445, 15, 395, 25, 524, 112, 394, 95, 391, 4, 130, 178, 399, 80, 198, 387, 419, 530, 199, 255, 102, 534, 42, 42, 491, 231, 323, 46, 151, 398, 404, 144, 399, 50, 408, 371, 555]",unsupervised_cae,0.38865816593170166,0.8211538461538461,0.8211538461538461,0.8206887288891404
isolet,18,50,"[101, 583, 204, 425, 15, 435, 212, 411, 447, 393, 393, 165, 454, 554, 553, 395, 425, 381, 425, 520, 483, 394, 264, 452, 415, 161, 393, 202, 10, 583, 454, 584, 213, 478, 480, 390, 171, 590, 51, 48, 212, 203, 213, 390, 394, 595, 47, 213, 417, 476]",supervised_cae,0.49006471037864685,0.8519230769230769,0.851923076923077,0.8513220044196369
isolet,19,50,"[499, 554, 554, 403, 41, 61, 154, 128, 49, 373, 578, 389, 382, 162, 406, 391, 112, 390, 199, 228, 398, 456, 90, 49, 166, 407, 8, 208, 407, 68, 113, 524, 372, 17, 235, 560, 406, 564, 243, 340, 47, 80, 269, 406, 382, 79, 129, 406, 14, 24]",unsupervised_cae,0.4218122959136963,0.7653846153846153,0.7653846153846154,0.7659754792852115
isolet,19,50,"[486, 413, 434, 396, 425, 416, 557, 395, 170, 140, 144, 489, 418, 583, 9, 68, 393, 416, 392, 455, 525, 553, 583, 394, 416, 212, 426, 482, 417, 78, 361, 204, 393, 393, 212, 7, 417, 580, 4, 557, 209, 392, 489, 583, 416, 583, 426, 210, 206, 549]",supervised_cae,0.5070576071739197,0.8391025641025641,0.8391025641025641,0.8379590726758204
coil20,0,50,"[3, 3, 2, 0, 11, 3, 7, 5, 7, 3, 16, 2, 2, 3, 2, 7, 24, 2, 17, 2, 6, 3, 5, 3, 2, 3, 3, 11, 11, 2, 23, 14, 3, 3, 10, 7, 7, 18, 12, 3, 3, 2, 2, 2, 7, 3, 3, 2, 7, 6]",unsupervised_cae,0.5682811141014099,0.4961439588688946,0.26319359652692986,0.24113583088841908
coil20,0,50,"[9, 14, 9, 7, 7, 7, 11, 6, 11, 7, 24, 7, 7, 23, 8, 7, 13, 19, 0, 7, 7, 25, 19, 7, 7, 7, 21, 7, 15, 7, 6, 7, 7, 0, 7, 21, 5, 19, 7, 23, 20, 24, 7, 20, 20, 5, 0, 7, 19, 22]",supervised_cae,3659016.25,0.4987146529562982,0.3632672760962234,0.38008864913924806
coil20,1,50,"[2, 7, 2, 0, 2, 18, 2, 22, 3, 3, 18, 1, 2, 12, 6, 7, 3, 3, 2, 23, 15, 2, 13, 2, 8, 7, 3, 19, 2, 2, 3, 3, 25, 3, 21, 3, 2, 3, 3, 5, 7, 4, 3, 2, 18, 3, 2, 3, 2, 10]",unsupervised_cae,0.3687393069267273,0.4755784061696658,0.246967846967847,0.215558224263462
coil20,1,50,"[14, 26, 22, 7, 15, 7, 12, 15, 5, 11, 7, 7, 1, 0, 7, 25, 7, 21, 8, 7, 7, 5, 7, 7, 5, 16, 4, 7, 7, 7, 23, 26, 21, 7, 26, 10, 13, 26, 21, 21, 25, 15, 5, 22, 21, 0, 0, 7, 15, 23]",supervised_cae,3187055.5,0.4987146529562982,0.38518661325678866,0.3416463392574269
coil20,2,50,"[3, 0, 3, 3, 2, 2, 21, 3, 3, 3, 19, 3, 2, 3, 2, 23, 2, 10, 3, 2, 2, 22, 25, 26, 24, 2, 2, 2, 23, 18, 3, 3, 3, 7, 2, 3, 1, 3, 20, 19, 3, 7, 2, 3, 7, 3, 7, 15, 2, 3]",unsupervised_cae,0.6371672749519348,0.5141388174807198,0.27614977614977615,0.2499355617917878
coil20,2,50,"[7, 8, 18, 0, 12, 21, 21, 15, 7, 14, 7, 0, 8, 24, 14, 26, 7, 12, 22, 10, 20, 12, 9, 0, 7, 7, 4, 7, 7, 7, 4, 14, 7, 16, 7, 12, 7, 16, 23, 20, 16, 10, 20, 11, 7, 7, 23, 24, 6, 7]",supervised_cae,3180507.75,0.532133676092545,0.37146345717774293,0.31392582839587446
coil20,3,50,"[3, 3, 2, 18, 7, 4, 20, 20, 26, 2, 2, 7, 2, 3, 3, 25, 2, 7, 2, 3, 3, 4, 2, 26, 3, 2, 2, 26, 2, 3, 10, 3, 15, 17, 25, 2, 3, 25, 3, 3, 3, 3, 11, 2, 7, 25, 3, 7, 2, 1]",unsupervised_cae,0.2809686064720154,0.4910025706940874,0.25839099172432506,0.2316023760340997
coil20,3,50,"[14, 26, 7, 0, 8, 25, 7, 7, 8, 12, 25, 7, 7, 7, 7, 18, 15, 13, 7, 6, 14, 22, 19, 7, 7, 4, 15, 11, 12, 23, 7, 7, 13, 11, 24, 12, 12, 17, 9, 0, 23, 7, 9, 19, 12, 0, 8, 7, 7, 26]",supervised_cae,3595962.75,0.5012853470437018,0.36437705986578167,0.3646368792390202
coil20,4,50,"[2, 2, 2, 24, 21, 12, 2, 7, 6, 3, 3, 2, 20, 7, 7, 2, 7, 12, 3, 2, 3, 14, 2, 15, 2, 2, 2, 2, 2, 2, 16, 18, 2, 2, 7, 20, 21, 3, 2, 3, 7, 3, 3, 3, 3, 22, 3, 2, 2, 2]",unsupervised_cae,0.5705054998397827,0.4781491002570694,0.24843304843304842,0.20286931571167724
coil20,4,50,"[1, 7, 12, 0, 23, 7, 23, 7, 4, 5, 18, 11, 7, 22, 5, 7, 5, 7, 7, 10, 20, 17, 20, 15, 6, 7, 15, 7, 7, 16, 7, 7, 10, 14, 11, 7, 17, 7, 12, 9, 5, 7, 20, 11, 4, 13, 7, 23, 17, 18]",supervised_cae,2827937.75,0.46786632390745503,0.35482142474623674,0.3402703962499678
coil20,5,50,"[3, 26, 0, 4, 3, 3, 21, 6, 8, 3, 3, 2, 2, 2, 2, 7, 3, 2, 1, 24, 7, 7, 2, 3, 3, 3, 2, 3, 23, 3, 17, 2, 14, 7, 8, 24, 3, 2, 2, 2, 3, 20, 7, 11, 2, 2, 7, 3, 2, 10]",unsupervised_cae,4.817034721374512,0.4884318766066838,0.25205535205535207,0.22418591881117803
coil20,5,50,"[7, 7, 25, 7, 8, 21, 15, 7, 7, 7, 15, 5, 1, 9, 6, 8, 1, 16, 7, 14, 16, 17, 22, 14, 18, 15, 11, 20, 22, 1, 7, 14, 7, 0, 15, 7, 22, 24, 7, 7, 9, 7, 5, 7, 19, 0, 7, 11, 7, 0]",supervised_cae,3401654.75,0.4987146529562982,0.35340396167463833,0.33173294913626944
coil20,6,50,"[8, 26, 2, 2, 9, 19, 6, 2, 7, 3, 14, 2, 3, 10, 7, 23, 2, 7, 2, 2, 2, 13, 2, 7, 2, 4, 0, 2, 2, 3, 19, 3, 2, 7, 3, 2, 4, 3, 3, 2, 3, 7, 7, 25, 2, 2, 23, 13, 1, 7]",unsupervised_cae,0.29833659529685974,0.5141388174807198,0.26980056980056977,0.23239115444873823
coil20,6,50,"[6, 2, 7, 7, 7, 22, 7, 1, 7, 25, 7, 22, 8, 19, 7, 7, 26, 17, 19, 15, 26, 0, 23, 24, 0, 7, 7, 26, 14, 7, 24, 7, 7, 14, 24, 7, 12, 11, 7, 14, 20, 7, 6, 12, 9, 14, 7, 13, 15, 7]",supervised_cae,0.06958352774381638,0.5372750642673522,0.3814078337887862,0.334942806199222
coil20,7,50,"[5, 0, 2, 2, 7, 2, 21, 3, 3, 1, 3, 3, 3, 25, 3, 2, 5, 2, 20, 3, 16, 7, 2, 18, 2, 23, 2, 2, 3, 3, 2, 7, 7, 3, 12, 3, 2, 7, 2, 7, 2, 2, 7, 3, 18, 2, 2, 3, 3, 3]",unsupervised_cae,4.8454437255859375,0.4652956298200514,0.24421381088047753,0.2105557959101266
coil20,7,50,"[7, 16, 7, 7, 7, 17, 16, 9, 19, 6, 17, 7, 10, 7, 17, 23, 7, 21, 14, 10, 2, 26, 7, 4, 11, 7, 19, 15, 3, 5, 23, 20, 26, 7, 14, 22, 7, 7, 7, 7, 8, 7, 7, 18, 20, 24, 7, 24, 5, 12]",supervised_cae,4.845061302185059,0.5012853470437018,0.25845882512549184,0.2212024521602815
coil20,8,50,"[7, 2, 9, 12, 26, 7, 3, 2, 7, 11, 2, 3, 2, 23, 18, 7, 3, 22, 3, 24, 3, 25, 3, 2, 2, 3, 4, 7, 3, 2, 9, 2, 3, 2, 3, 2, 3, 24, 7, 7, 8, 2, 3, 2, 2, 12, 2, 17, 23, 3]",unsupervised_cae,0.2843162715435028,0.5295629820051414,0.2786731786731787,0.23709386126905097
coil20,8,50,"[25, 7, 5, 20, 7, 13, 7, 19, 23, 4, 22, 7, 7, 23, 15, 4, 4, 5, 6, 16, 24, 9, 13, 14, 15, 15, 11, 7, 26, 23, 7, 21, 7, 6, 11, 7, 15, 7, 7, 7, 6, 7, 7, 15, 9, 15, 12, 21, 7, 18]",supervised_cae,3856761.75,0.5295629820051414,0.4137023470356804,0.3782028034756631
coil20,9,50,"[3, 2, 2, 2, 7, 3, 2, 2, 12, 23, 7, 3, 2, 26, 7, 2, 3, 3, 2, 13, 0, 7, 2, 3, 2, 2, 2, 2, 17, 2, 2, 7, 13, 1, 8, 25, 2, 18, 2, 3, 7, 12, 3, 1, 8, 16, 17, 3, 6, 25]",unsupervised_cae,0.3207473158836365,0.4884318766066838,0.2609957943291276,0.2352858026327414
coil20,9,50,"[25, 24, 7, 7, 7, 25, 22, 7, 17, 0, 17, 7, 1, 13, 21, 7, 0, 18, 1, 0, 12, 7, 0, 11, 7, 23, 7, 20, 20, 26, 7, 12, 1, 13, 7, 7, 21, 24, 4, 16, 7, 4, 7, 10, 4, 7, 7, 7, 7, 17]",supervised_cae,4818368.5,0.5244215938303342,0.3946734969291361,0.35326385740169997
coil20,10,50,"[7, 2, 2, 3, 2, 3, 12, 8, 7, 24, 8, 3, 3, 2, 3, 2, 23, 7, 15, 3, 20, 3, 26, 2, 17, 3, 2, 4, 2, 2, 20, 0, 2, 2, 2, 7, 7, 3, 2, 3, 20, 2, 17, 2, 3, 10, 23, 24, 7, 3]",unsupervised_cae,0.3459104299545288,0.5218508997429306,0.27566137566137566,0.24371203526022625
coil20,10,50,"[7, 17, 7, 12, 7, 19, 14, 7, 25, 9, 25, 11, 7, 4, 7, 5, 7, 17, 26, 16, 14, 7, 11, 7, 7, 25, 1, 5, 7, 19, 24, 26, 18, 0, 7, 7, 16, 22, 13, 7, 26, 24, 7, 8, 6, 12, 6, 7, 23, 7]",supervised_cae,4458568.5,0.5038560411311054,0.3802188621737494,0.36920503974248425
coil20,11,50,"[7, 2, 2, 11, 2, 7, 3, 25, 3, 9, 2, 21, 25, 3, 2, 7, 2, 2, 2, 24, 16, 7, 2, 7, 3, 3, 7, 3, 19, 7, 3, 3, 3, 2, 2, 9, 2, 3, 2, 2, 25, 3, 3, 3, 7, 22, 2, 5, 5, 7]",unsupervised_cae,0.7038092613220215,0.5115681233933161,0.2722697056030389,0.24127362371136946
coil20,11,50,"[7, 9, 20, 17, 7, 22, 7, 4, 25, 2, 25, 0, 7, 7, 7, 14, 12, 23, 22, 24, 19, 24, 0, 7, 7, 7, 10, 13, 16, 7, 7, 7, 7, 13, 12, 14, 11, 9, 1, 23, 7, 0, 26, 7, 16, 23, 21, 14, 11, 7]",supervised_cae,0.02243618108332157,0.5526992287917738,0.35957129290462625,0.3487355088323755
coil20,12,50,"[0, 16, 3, 12, 6, 23, 14, 3, 2, 26, 2, 2, 2, 2, 14, 3, 3, 3, 4, 24, 21, 10, 3, 2, 2, 2, 2, 7, 3, 3, 10, 2, 3, 3, 19, 19, 7, 3, 7, 3, 3, 23, 3, 2, 7, 1, 26, 2, 4, 3]",unsupervised_cae,0.2802102267742157,0.4884318766066838,0.2536697870031203,0.2240423273788999
coil20,12,50,"[7, 7, 0, 18, 6, 21, 25, 18, 1, 4, 7, 7, 7, 13, 1, 7, 7, 25, 19, 7, 19, 9, 25, 6, 22, 13, 7, 12, 22, 18, 7, 9, 7, 1, 11, 7, 7, 9, 24, 25, 7, 20, 17, 9, 8, 7, 7, 0, 15, 19]",supervised_cae,2775609.5,0.5167095115681234,0.4210487553845949,0.3923691754944279
coil20,13,50,"[7, 6, 3, 3, 3, 7, 7, 3, 2, 17, 2, 2, 2, 7, 3, 3, 3, 3, 18, 7, 13, 3, 12, 3, 3, 4, 7, 19, 3, 2, 3, 2, 3, 3, 16, 2, 3, 3, 2, 2, 7, 12, 2, 2, 20, 7, 3, 4, 9, 7]",unsupervised_cae,0.3127182126045227,0.4910025706940874,0.2514041514041514,0.21018069012651955
coil20,13,50,"[8, 7, 9, 24, 13, 7, 14, 22, 17, 20, 20, 19, 7, 7, 7, 7, 16, 21, 14, 24, 23, 22, 22, 19, 7, 23, 7, 7, 24, 7, 7, 7, 20, 17, 12, 3, 4, 11, 0, 13, 26, 7, 23, 23, 19, 6, 23, 5, 10, 7]",supervised_cae,0.032962407916784286,0.5038560411311054,0.34348886053146704,0.3286674387990178
coil20,14,50,"[5, 3, 2, 3, 7, 20, 20, 2, 7, 2, 3, 2, 7, 2, 2, 7, 3, 3, 2, 7, 7, 2, 7, 22, 1, 7, 9, 2, 7, 2, 2, 3, 7, 7, 3, 21, 3, 8, 12, 3, 2, 2, 21, 3, 3, 3, 17, 7, 13, 3]",unsupervised_cae,4.776546955108643,0.4704370179948586,0.2485144485144485,0.22132827958395543
coil20,14,50,"[6, 11, 8, 7, 5, 3, 24, 19, 7, 6, 1, 0, 7, 24, 19, 7, 18, 7, 4, 15, 12, 7, 16, 18, 7, 7, 10, 7, 25, 7, 7, 7, 26, 7, 7, 0, 7, 7, 20, 17, 15, 9, 22, 22, 3, 22, 8, 17, 23, 23]",supervised_cae,4.733640670776367,0.4961439588688946,0.27711688664069617,0.2636734693877551
coil20,15,50,"[7, 3, 3, 4, 3, 2, 21, 7, 2, 9, 3, 2, 2, 11, 2, 3, 25, 5, 7, 3, 14, 2, 13, 23, 2, 3, 2, 3, 3, 3, 2, 7, 10, 7, 7, 3, 14, 3, 3, 13, 4, 7, 23, 11, 13, 2, 9, 2, 7, 0]",unsupervised_cae,4.922600746154785,0.506426735218509,0.2685388685388685,0.24122462558799593
coil20,15,50,"[4, 7, 26, 19, 6, 17, 25, 0, 16, 7, 23, 13, 7, 4, 13, 7, 10, 9, 7, 7, 13, 19, 7, 13, 9, 20, 26, 7, 26, 6, 7, 4, 16, 9, 6, 7, 5, 16, 24, 16, 11, 15, 7, 7, 23, 9, 6, 7, 7, 7]",supervised_cae,4994296.5,0.44473007712082263,0.3938782650562099,0.3723749795270374
coil20,16,50,"[3, 17, 5, 5, 2, 3, 2, 7, 9, 3, 3, 13, 25, 15, 3, 2, 3, 2, 25, 3, 7, 4, 1, 18, 7, 21, 2, 2, 3, 3, 2, 3, 2, 9, 2, 7, 19, 3, 2, 7, 3, 20, 7, 3, 3, 3, 26, 3, 18, 2]",unsupervised_cae,0.2988415062427521,0.5089974293059126,0.2747388414055081,0.24546881689738834
coil20,16,50,"[7, 4, 7, 7, 7, 20, 21, 13, 26, 20, 23, 1, 21, 7, 14, 20, 2, 7, 6, 24, 7, 10, 14, 14, 23, 9, 21, 7, 7, 7, 7, 21, 20, 11, 1, 7, 25, 10, 7, 7, 7, 7, 19, 7, 13, 12, 22, 12, 24, 5]",supervised_cae,0.02469228394329548,0.5398457583547558,0.38296800201562103,0.3636605026976996
coil20,17,50,"[2, 8, 3, 3, 13, 5, 3, 3, 3, 7, 2, 0, 3, 17, 2, 3, 24, 24, 2, 14, 3, 7, 3, 3, 3, 2, 13, 26, 3, 10, 2, 7, 3, 3, 2, 3, 3, 3, 6, 7, 8, 2, 3, 3, 2, 7, 3, 3, 2, 11]",unsupervised_cae,0.5867595076560974,0.4961439588688946,0.2590964590964591,0.23219845755057023
coil20,17,50,"[21, 22, 7, 23, 18, 7, 14, 6, 24, 7, 16, 7, 7, 7, 1, 15, 11, 21, 14, 26, 7, 7, 5, 7, 14, 24, 7, 11, 7, 21, 14, 25, 15, 22, 19, 10, 18, 14, 13, 8, 22, 10, 7, 15, 19, 7, 16, 7, 17, 7]",supervised_cae,4442074.0,0.5218508997429306,0.38987181017256206,0.35266385345772594
coil20,18,50,"[3, 7, 3, 7, 11, 2, 3, 2, 6, 3, 14, 4, 24, 2, 7, 2, 18, 2, 22, 2, 23, 2, 3, 3, 7, 6, 1, 3, 11, 2, 7, 7, 2, 3, 2, 2, 24, 0, 3, 3, 2, 3, 3, 3, 2, 7, 2, 3, 7, 17]",unsupervised_cae,0.30770450830459595,0.4781491002570694,0.25767195767195766,0.22754541250262214
coil20,18,50,"[9, 7, 24, 20, 7, 10, 5, 7, 0, 1, 15, 17, 6, 7, 7, 7, 13, 16, 26, 8, 9, 20, 14, 23, 1, 22, 7, 11, 22, 20, 14, 9, 6, 7, 7, 7, 12, 7, 19, 13, 16, 13, 14, 4, 25, 18, 7, 17, 7, 7]",supervised_cae,4266394.5,0.570694087403599,0.4648317986663852,0.4263224268973937
coil20,19,50,"[19, 25, 3, 2, 3, 2, 3, 3, 23, 7, 7, 6, 9, 3, 21, 8, 2, 12, 3, 3, 20, 13, 2, 26, 19, 0, 12, 17, 11, 2, 3, 3, 3, 3, 3, 16, 7, 26, 2, 3, 2, 3, 2, 2, 2, 3, 2, 4, 3, 3]",unsupervised_cae,4.870481491088867,0.5012853470437018,0.26487586487586484,0.2341291500310793
coil20,19,50,"[22, 21, 16, 8, 11, 22, 7, 8, 16, 7, 16, 7, 5, 0, 7, 19, 23, 7, 11, 3, 1, 21, 7, 15, 5, 7, 4, 7, 7, 7, 11, 21, 24, 8, 7, 7, 0, 0, 7, 7, 22, 25, 5, 12, 7, 13, 8, 20, 7, 15]",supervised_cae,4.831021308898926,0.5167095115681234,0.3407969455588504,0.3234457283350895
mice_protein,0,10,"[65, 76, 40, 16, 16, 27, 19, 31, 41, 47]",unsupervised_cae,0.4473141133785248,0.7268518518518519,0.7289682539682539,0.723922153854265
mice_protein,0,10,"[53, 40, 73, 49, 19, 15, 24, 74, 12, 32]",supervised_cae,0.3997430205345154,0.7361111111111112,0.7306878306878306,0.7319290048998717
mice_protein,1,10,"[72, 67, 65, 12, 55, 12, 2, 47, 40, 13]",unsupervised_cae,0.4112183451652527,0.5694444444444444,0.5700396825396825,0.5701266597357024
mice_protein,1,10,"[50, 46, 67, 73, 62, 45, 72, 21, 15, 46]",supervised_cae,0.4877322316169739,0.4861111111111111,0.4753306878306878,0.4585916177368383
mice_protein,2,10,"[24, 62, 28, 6, 12, 11, 8, 24, 21, 32]",unsupervised_cae,0.41965019702911377,0.6435185185185185,0.6390873015873015,0.6410757882468409
mice_protein,2,10,"[35, 43, 74, 26, 55, 46, 36, 40, 63, 57]",supervised_cae,0.3951460123062134,0.6388888888888888,0.6455687830687831,0.6410502361369053
mice_protein,3,10,"[35, 36, 3, 11, 36, 2, 35, 67, 65, 15]",unsupervised_cae,0.46438851952552795,0.5185185185185185,0.5142195767195767,0.5146413642763186
mice_protein,3,10,"[53, 6, 12, 72, 17, 17, 54, 50, 63, 76]",supervised_cae,0.4528637230396271,0.6435185185185185,0.6351190476190476,0.6358292353365039
mice_protein,4,10,"[53, 70, 3, 54, 55, 54, 27, 36, 18, 3]",unsupervised_cae,0.47822868824005127,0.5277777777777778,0.5257936507936507,0.5210365112733372
mice_protein,4,10,"[66, 45, 44, 68, 47, 15, 19, 21, 20, 34]",supervised_cae,0.3919118046760559,0.6481481481481481,0.6467592592592593,0.6455869867181887
mice_protein,5,10,"[12, 43, 41, 6, 18, 9, 25, 8, 15, 36]",unsupervised_cae,0.37382060289382935,0.5972222222222222,0.5981481481481481,0.5922754748573278
mice_protein,5,10,"[15, 2, 22, 7, 1, 50, 35, 44, 50, 56]",supervised_cae,0.3866109251976013,0.7129629629629629,0.7119047619047619,0.70778168372508
mice_protein,6,10,"[1, 62, 36, 24, 15, 37, 19, 21, 38, 45]",unsupervised_cae,0.3941758871078491,0.7638888888888888,0.7598544973544974,0.757767897729763
mice_protein,6,10,"[61, 15, 70, 38, 46, 0, 43, 50, 1, 21]",supervised_cae,0.3726043403148651,0.7083333333333334,0.7025132275132275,0.7032535910634716
mice_protein,7,10,"[24, 17, 52, 17, 2, 33, 11, 17, 23, 43]",unsupervised_cae,0.48493075370788574,0.5648148148148148,0.559589947089947,0.5632478632478632
mice_protein,7,10,"[15, 72, 64, 56, 11, 43, 50, 76, 74, 70]",supervised_cae,0.4768295884132385,0.6296296296296297,0.6277777777777778,0.6223985523564957
mice_protein,8,10,"[5, 38, 9, 8, 36, 43, 47, 53, 21, 16]",unsupervised_cae,0.3737183213233948,0.6481481481481481,0.6576058201058201,0.6516374965956522
mice_protein,8,10,"[34, 24, 7, 11, 68, 24, 30, 37, 70, 50]",supervised_cae,0.4013596177101135,0.7685185185185185,0.7707010582010582,0.7656363176879386
mice_protein,9,10,"[44, 3, 16, 76, 3, 3, 3, 6, 21, 28]",unsupervised_cae,0.47576838731765747,0.6018518518518519,0.6054232804232804,0.596272073970681
mice_protein,9,10,"[62, 65, 38, 32, 56, 42, 15, 39, 34, 56]",supervised_cae,0.4307974874973297,0.7407407407407407,0.7392857142857143,0.7415113164117968
mice_protein,10,10,"[22, 39, 52, 40, 54, 70, 31, 35, 35, 28]",unsupervised_cae,0.4183151423931122,0.6898148148148148,0.6906084656084657,0.6941803854384031
mice_protein,10,10,"[64, 50, 47, 21, 42, 24, 67, 23, 35, 0]",supervised_cae,0.36801984906196594,0.6481481481481481,0.6423941798941799,0.6334033702592072
mice_protein,11,10,"[43, 15, 38, 39, 72, 19, 37, 17, 28, 31]",unsupervised_cae,0.41154488921165466,0.6712962962962963,0.6762566137566137,0.6675729014970004
mice_protein,11,10,"[74, 76, 3, 64, 34, 59, 38, 20, 65, 41]",supervised_cae,0.4138549566268921,0.7129629629629629,0.7140873015873015,0.711994092651709
mice_protein,12,10,"[45, 16, 22, 7, 4, 43, 2, 22, 29, 63]",unsupervised_cae,0.45180457830429077,0.6111111111111112,0.6177248677248677,0.6165183965924156
mice_protein,12,10,"[7, 37, 63, 45, 71, 53, 59, 20, 11, 4]",supervised_cae,0.36025533080101013,0.6620370370370371,0.6576058201058201,0.6583729631903353
mice_protein,13,10,"[72, 19, 25, 29, 22, 2, 3, 6, 2, 40]",unsupervised_cae,0.4207669496536255,0.5509259259259259,0.5537037037037037,0.553942079824504
mice_protein,13,10,"[38, 28, 57, 2, 4, 63, 38, 4, 43, 5]",supervised_cae,0.4426308274269104,0.47685185185185186,0.4787698412698413,0.4755984194845986
mice_protein,14,10,"[5, 19, 28, 31, 36, 4, 13, 65, 15, 70]",unsupervised_cae,0.4193975627422333,0.6944444444444444,0.6935846560846561,0.6931360641836013
mice_protein,14,10,"[34, 61, 32, 40, 27, 9, 50, 13, 30, 75]",supervised_cae,0.4144659638404846,0.7222222222222222,0.723478835978836,0.7204265884475565
mice_protein,15,10,"[28, 72, 29, 7, 16, 41, 52, 30, 44, 3]",unsupervised_cae,0.41611188650131226,0.6666666666666666,0.6621693121693122,0.6590543269335781
mice_protein,15,10,"[28, 73, 76, 7, 21, 64, 50, 47, 34, 16]",supervised_cae,0.3910493850708008,0.6712962962962963,0.6690476190476191,0.6756673175756939
mice_protein,16,10,"[44, 31, 49, 13, 41, 38, 28, 72, 14, 36]",unsupervised_cae,0.44372960925102234,0.6203703703703703,0.6257275132275132,0.617365475177091
mice_protein,16,10,"[41, 65, 65, 62, 55, 49, 24, 26, 55, 47]",supervised_cae,0.5042783617973328,0.5555555555555556,0.5523148148148148,0.5451380753231074
mice_protein,17,10,"[35, 15, 65, 25, 70, 31, 3, 2, 22, 49]",unsupervised_cae,0.36935722827911377,0.6712962962962963,0.6579365079365079,0.6557816703592154
mice_protein,17,10,"[57, 34, 33, 55, 10, 35, 34, 49, 20, 61]",supervised_cae,0.5171325206756592,0.7037037037037037,0.7023148148148148,0.7052337362893136
mice_protein,18,10,"[6, 3, 11, 16, 65, 24, 46, 24, 70, 10]",unsupervised_cae,0.40211641788482666,0.7083333333333334,0.7042989417989418,0.7060552377324961
mice_protein,18,10,"[42, 53, 10, 54, 70, 42, 19, 10, 33, 10]",supervised_cae,0.5120276808738708,0.5231481481481481,0.5153439153439154,0.5141258798980762
mice_protein,19,10,"[7, 4, 7, 8, 44, 72, 41, 22, 34, 53]",unsupervised_cae,0.3938368260860443,0.7083333333333334,0.7091269841269842,0.7070576775779882
mice_protein,19,10,"[48, 11, 36, 55, 55, 10, 41, 2, 57, 68]",supervised_cae,0.39962518215179443,0.6435185185185185,0.6453042328042328,0.6359778036624593
activity,0,50,"[52, 381, 558, 511, 487, 40, 28, 150, 66, 296, 194, 332, 150, 73, 386, 44, 486, 30, 28, 72, 52, 194, 486, 72, 560, 56, 30, 379, 69, 342, 70, 69, 52, 490, 40, 68, 475, 62, 49, 560, 68, 69, 72, 66, 461, 34, 69, 68, 26, 49]",unsupervised_cae,0.28464871644973755,0.9,0.9002014789823524,0.9005194121668921
activity,0,50,"[52, 450, 508, 56, 296, 450, 52, 559, 58, 381, 57, 52, 77, 49, 66, 58, 558, 450, 69, 40, 50, 302, 52, 559, 52, 52, 56, 302, 40, 56, 537, 450, 66, 558, 58, 49, 52, 49, 40, 558, 56, 77, 52, 52, 77, 537, 558, 310, 53, 50]",supervised_cae,0.42308568954467773,0.9271844660194175,0.9278293957997147,0.927990152401254
activity,1,50,"[338, 57, 150, 496, 65, 22, 68, 65, 49, 62, 68, 479, 296, 210, 440, 559, 66, 338, 511, 69, 18, 16, 34, 483, 28, 154, 439, 68, 433, 248, 49, 476, 511, 247, 49, 462, 52, 294, 114, 68, 409, 52, 72, 56, 49, 68, 75, 150, 154, 52]",unsupervised_cae,0.2702634036540985,0.9354368932038835,0.9346053115067655,0.935185564707348
activity,1,50,"[50, 57, 49, 558, 302, 49, 302, 52, 52, 58, 508, 558, 450, 56, 559, 77, 56, 49, 558, 53, 537, 49, 508, 40, 58, 433, 52, 56, 302, 40, 558, 558, 52, 58, 559, 508, 52, 559, 58, 56, 57, 450, 558, 62, 77, 40, 50, 58, 381, 57]",supervised_cae,0.43635663390159607,0.916504854368932,0.9158667541347976,0.916736484353856
activity,2,50,"[248, 18, 177, 74, 475, 137, 190, 49, 210, 330, 486, 210, 68, 68, 511, 68, 560, 146, 40, 450, 52, 40, 150, 34, 247, 52, 302, 68, 551, 72, 248, 439, 483, 73, 68, 381, 34, 247, 210, 66, 248, 488, 69, 52, 30, 28, 65, 68, 560, 497]",unsupervised_cae,0.2740190327167511,0.8898058252427185,0.890750441166125,0.8913333634334039
activity,2,50,"[558, 49, 52, 40, 40, 302, 58, 558, 49, 40, 56, 450, 558, 57, 40, 558, 558, 559, 558, 56, 58, 49, 52, 40, 52, 49, 56, 558, 558, 49, 57, 77, 508, 450, 558, 49, 508, 52, 49, 56, 40, 558, 58, 159, 53, 40, 450, 559, 57, 57]",supervised_cae,0.5038102269172668,0.904368932038835,0.9025312026861302,0.9029053170106813
activity,3,50,"[52, 247, 475, 66, 56, 150, 210, 321, 49, 150, 67, 68, 18, 52, 281, 56, 479, 476, 511, 137, 479, 68, 146, 223, 52, 56, 40, 72, 68, 381, 114, 70, 409, 511, 332, 560, 72, 474, 68, 73, 452, 52, 154, 104, 560, 110, 66, 247, 52, 62]",unsupervised_cae,0.28270435333251953,0.8854368932038835,0.887605643870988,0.8876017248549942
activity,3,50,"[40, 558, 40, 508, 52, 57, 56, 40, 558, 537, 52, 58, 559, 57, 558, 58, 450, 50, 450, 450, 40, 68, 559, 40, 56, 56, 40, 159, 52, 62, 558, 474, 40, 49, 559, 302, 56, 52, 56, 56, 56, 69, 558, 558, 50, 41, 52, 558, 52, 62]",supervised_cae,0.4249430298805237,0.9247572815533981,0.9247603515153472,0.9249313651967476
activity,4,50,"[70, 52, 210, 69, 68, 452, 560, 75, 560, 325, 500, 66, 56, 30, 98, 490, 296, 559, 150, 449, 52, 560, 360, 68, 68, 223, 73, 381, 68, 52, 338, 421, 248, 210, 486, 247, 28, 559, 559, 40, 73, 68, 45, 511, 68, 56, 40, 474, 330, 16]",unsupervised_cae,0.26496219635009766,0.920873786407767,0.9198852054502278,0.919978575996482
activity,4,50,"[58, 52, 57, 52, 52, 52, 58, 450, 52, 558, 302, 508, 302, 57, 558, 77, 40, 558, 40, 40, 40, 558, 69, 559, 450, 314, 57, 40, 558, 49, 57, 41, 52, 41, 52, 558, 52, 558, 56, 40, 56, 159, 559, 58, 56, 56, 52, 558, 49, 57]",supervised_cae,0.44147077202796936,0.933495145631068,0.9335114337272498,0.9337824015899358
activity,5,50,"[66, 66, 68, 56, 71, 450, 194, 68, 40, 440, 338, 70, 69, 69, 338, 70, 40, 30, 560, 57, 508, 400, 68, 44, 476, 538, 26, 56, 66, 26, 72, 462, 66, 52, 560, 210, 68, 34, 559, 177, 56, 335, 314, 560, 67, 414, 68, 476, 526, 296]",unsupervised_cae,0.27846571803092957,0.9359223300970874,0.9367120479820673,0.9373154688375016
activity,5,50,"[52, 53, 558, 77, 558, 558, 559, 77, 40, 49, 77, 558, 62, 57, 56, 57, 558, 49, 49, 52, 537, 56, 57, 52, 40, 537, 49, 57, 49, 52, 49, 49, 56, 16, 52, 291, 558, 16, 52, 40, 558, 159, 50, 37, 52, 57, 52, 49, 559, 56]",supervised_cae,0.47796010971069336,0.9101941747572816,0.9079358194831562,0.9081641449907755
activity,6,50,"[559, 302, 26, 305, 30, 68, 527, 68, 330, 248, 69, 496, 560, 559, 56, 560, 69, 247, 559, 314, 475, 47, 427, 68, 247, 110, 483, 28, 338, 49, 558, 558, 66, 150, 68, 68, 559, 49, 177, 68, 296, 472, 247, 475, 295, 40, 68, 75, 559, 488]",unsupervised_cae,0.26925891637802124,0.933495145631068,0.9327408886699721,0.9331087359654909
activity,6,50,"[52, 56, 40, 450, 508, 52, 56, 381, 434, 57, 558, 558, 450, 558, 558, 57, 433, 57, 310, 49, 40, 558, 314, 57, 450, 50, 49, 57, 57, 40, 310, 56, 558, 508, 40, 49, 52, 56, 52, 49, 558, 52, 49, 49, 56, 451, 52, 58, 434, 558]",supervised_cae,0.4116993844509125,0.9310679611650485,0.9308243326807691,0.9314683912898705
activity,7,50,"[68, 73, 49, 560, 26, 68, 526, 329, 69, 68, 49, 560, 69, 177, 560, 182, 66, 483, 62, 154, 69, 247, 40, 487, 497, 68, 154, 474, 68, 302, 74, 296, 52, 560, 154, 274, 410, 483, 40, 315, 249, 483, 281, 248, 330, 315, 510, 65, 137, 40]",unsupervised_cae,0.268096923828125,0.9019417475728155,0.9036272529911941,0.9038094659544162
activity,7,50,"[53, 57, 57, 159, 58, 40, 381, 302, 56, 40, 52, 77, 527, 314, 52, 40, 66, 49, 558, 558, 56, 49, 558, 58, 52, 40, 450, 281, 57, 281, 50, 52, 52, 57, 52, 558, 58, 49, 58, 52, 77, 49, 40, 56, 450, 57, 142, 558, 296, 558]",supervised_cae,0.3952895700931549,0.9150485436893204,0.913598745803437,0.9139895671382773
activity,8,50,"[68, 68, 30, 65, 56, 30, 62, 312, 248, 396, 66, 62, 65, 560, 330, 210, 351, 332, 56, 69, 69, 52, 476, 52, 483, 146, 66, 68, 56, 75, 40, 332, 212, 433, 62, 512, 66, 52, 52, 68, 210, 409, 26, 50, 511, 56, 68, 225, 312, 26]",unsupervised_cae,0.28879889845848083,0.9140776699029126,0.913277207775788,0.9128584582301668
activity,8,50,"[58, 56, 558, 558, 302, 56, 57, 302, 558, 58, 49, 56, 40, 558, 49, 558, 281, 57, 56, 40, 56, 49, 558, 558, 56, 50, 37, 50, 52, 159, 49, 302, 450, 50, 57, 49, 49, 559, 49, 53, 52, 62, 558, 558, 49, 558, 49, 508, 40, 49]",supervised_cae,0.45396921038627625,0.9194174757281554,0.919736688316139,0.9196739043945632
activity,9,50,"[325, 72, 68, 33, 398, 34, 485, 449, 210, 40, 68, 71, 283, 69, 559, 560, 68, 296, 72, 314, 62, 26, 75, 483, 559, 497, 56, 52, 68, 52, 40, 482, 66, 52, 66, 177, 281, 34, 68, 223, 500, 65, 296, 310, 560, 482, 559, 73, 432, 114]",unsupervised_cae,0.2789280414581299,0.9233009708737864,0.9225415326370073,0.9225829885724891
activity,9,50,"[77, 37, 49, 37, 56, 558, 53, 558, 40, 50, 508, 49, 52, 559, 159, 159, 40, 77, 558, 49, 58, 49, 558, 52, 57, 49, 52, 52, 310, 57, 56, 49, 52, 52, 49, 508, 68, 558, 558, 302, 49, 57, 40, 558, 49, 58, 49, 50, 49, 558]",supervised_cae,0.47256937623023987,0.8985436893203883,0.8982823097222338,0.8983645708084427
activity,10,50,"[66, 26, 75, 476, 66, 302, 72, 69, 66, 247, 420, 450, 330, 440, 247, 56, 45, 210, 310, 98, 68, 325, 150, 177, 210, 62, 150, 66, 49, 40, 559, 110, 68, 56, 40, 381, 26, 69, 30, 331, 483, 68, 342, 65, 56, 409, 305, 68, 559, 330]",unsupervised_cae,0.28822559118270874,0.9189320388349514,0.9187611365082397,0.9187924229685226
activity,10,50,"[66, 49, 52, 66, 52, 559, 69, 52, 57, 508, 52, 450, 49, 50, 41, 77, 40, 57, 57, 559, 57, 49, 56, 57, 558, 49, 381, 52, 558, 450, 281, 41, 57, 57, 40, 40, 52, 49, 558, 40, 558, 40, 40, 62, 558, 50, 52, 558, 508, 52]",supervised_cae,0.4561935365200043,0.9194174757281554,0.9197690759661344,0.9195923060744837
activity,11,50,"[210, 249, 66, 40, 56, 427, 26, 49, 247, 68, 421, 68, 560, 66, 409, 138, 427, 56, 426, 62, 71, 30, 177, 552, 154, 477, 71, 150, 538, 34, 483, 490, 66, 482, 66, 210, 68, 551, 18, 62, 70, 69, 223, 56, 69, 306, 52, 319, 262, 73]",unsupervised_cae,0.269957035779953,0.9106796116504854,0.9113172022802262,0.910914300026305
activity,11,50,"[40, 558, 40, 62, 50, 142, 558, 302, 52, 40, 450, 558, 559, 450, 40, 52, 77, 559, 40, 57, 508, 52, 77, 52, 302, 559, 40, 558, 41, 302, 450, 49, 50, 40, 58, 40, 52, 314, 558, 58, 537, 58, 49, 58, 57, 66, 57, 52, 41, 49]",supervised_cae,0.469086229801178,0.9223300970873787,0.9218204528509305,0.922069107999271
activity,12,50,"[247, 338, 52, 39, 547, 332, 69, 411, 66, 70, 342, 56, 61, 210, 296, 296, 488, 560, 40, 331, 52, 76, 66, 470, 538, 560, 68, 315, 72, 34, 66, 511, 68, 69, 66, 66, 225, 66, 283, 538, 560, 177, 73, 404, 560, 52, 52, 488, 381, 57]",unsupervised_cae,0.2796296179294586,0.8805825242718447,0.8821059441580492,0.882158342446976
activity,12,50,"[41, 558, 159, 49, 40, 310, 559, 49, 56, 49, 159, 40, 558, 62, 558, 57, 302, 58, 558, 40, 58, 450, 57, 57, 49, 57, 40, 57, 49, 56, 40, 77, 558, 57, 302, 52, 281, 77, 49, 52, 49, 451, 77, 77, 56, 52, 450, 558, 57, 77]",supervised_cae,0.4460913836956024,0.9116504854368932,0.9096232952292674,0.909596345821011
activity,13,50,"[320, 66, 306, 511, 49, 476, 475, 68, 223, 474, 306, 56, 291, 146, 210, 56, 223, 137, 526, 40, 477, 283, 56, 56, 75, 335, 296, 395, 296, 56, 68, 560, 342, 52, 66, 274, 68, 296, 474, 49, 332, 49, 69, 68, 410, 154, 223, 52, 560, 483]",unsupervised_cae,0.30638375878334045,0.8703883495145631,0.8717458871298174,0.8713074897710693
activity,13,50,"[49, 558, 40, 451, 52, 49, 537, 559, 49, 58, 558, 62, 40, 450, 281, 56, 559, 558, 310, 53, 142, 58, 558, 559, 40, 40, 40, 49, 450, 77, 57, 508, 558, 49, 159, 56, 49, 57, 49, 559, 558, 310, 77, 53, 142, 52, 57, 50, 302, 56]",supervised_cae,0.4162565767765045,0.9242718446601942,0.9241755224294107,0.9241217753028467
activity,14,50,"[194, 52, 66, 73, 511, 247, 65, 56, 49, 330, 66, 69, 297, 560, 66, 56, 559, 338, 512, 330, 296, 22, 559, 302, 68, 489, 248, 338, 146, 150, 40, 391, 98, 69, 177, 52, 68, 48, 136, 558, 330, 68, 560, 258, 73, 483, 417, 146, 40, 66]",unsupervised_cae,0.2725176215171814,0.9339805825242719,0.9338450861313365,0.9343280873726846
activity,14,50,"[52, 57, 40, 450, 558, 57, 52, 40, 58, 56, 52, 49, 508, 558, 52, 52, 58, 50, 49, 49, 558, 558, 559, 16, 558, 302, 56, 68, 314, 49, 58, 558, 559, 57, 297, 57, 62, 558, 62, 56, 40, 57, 558, 433, 40, 40, 52, 40, 40, 559]",supervised_cae,0.4168965518474579,0.9106796116504854,0.9101526774269125,0.9104846580039481
activity,15,50,"[559, 177, 342, 68, 49, 69, 342, 45, 560, 177, 460, 559, 538, 342, 62, 273, 381, 512, 211, 247, 71, 210, 66, 40, 74, 30, 194, 398, 73, 52, 65, 212, 30, 440, 72, 56, 66, 52, 146, 314, 559, 66, 194, 34, 476, 30, 68, 69, 497, 68]",unsupervised_cae,0.27143189311027527,0.9281553398058252,0.9276850759210161,0.9280677577469757
activity,15,50,"[558, 450, 58, 40, 558, 52, 58, 559, 559, 52, 57, 49, 558, 50, 508, 58, 558, 558, 40, 57, 559, 450, 52, 302, 52, 52, 52, 558, 77, 56, 57, 57, 558, 52, 450, 558, 559, 49, 52, 49, 302, 40, 450, 52, 56, 450, 450, 40, 558, 40]",supervised_cae,0.5041531324386597,0.903883495145631,0.9027635856820586,0.9027463216876659
activity,16,50,"[49, 74, 210, 560, 49, 68, 72, 73, 56, 433, 482, 18, 68, 558, 331, 474, 404, 305, 330, 332, 417, 26, 139, 475, 73, 52, 390, 247, 40, 69, 68, 65, 62, 338, 296, 34, 26, 68, 560, 538, 315, 68, 49, 194, 476, 61, 296, 68, 56, 488]",unsupervised_cae,0.2847570776939392,0.9067961165048544,0.9067239772631736,0.9065598468151229
activity,16,50,"[57, 57, 56, 57, 508, 558, 558, 41, 57, 40, 40, 40, 559, 41, 49, 40, 450, 450, 40, 40, 52, 40, 381, 49, 49, 40, 302, 558, 558, 40, 49, 302, 558, 537, 558, 508, 302, 40, 559, 40, 57, 57, 62, 52, 558, 558, 559, 71, 40, 52]",supervised_cae,0.4795891344547272,0.9092233009708738,0.9092599123404215,0.9094156907620564
activity,17,50,"[560, 52, 449, 66, 30, 52, 47, 40, 483, 223, 251, 176, 343, 68, 61, 512, 248, 559, 66, 69, 462, 177, 68, 73, 69, 305, 66, 236, 409, 73, 306, 68, 62, 283, 30, 150, 34, 146, 69, 338, 496, 65, 49, 26, 69, 68, 558, 560, 52, 26]",unsupervised_cae,0.26580578088760376,0.9179611650485436,0.916130590175837,0.9163407266832823
activity,17,50,"[558, 558, 49, 558, 58, 69, 52, 40, 40, 451, 558, 40, 558, 558, 450, 41, 558, 52, 49, 57, 558, 450, 558, 49, 558, 57, 49, 310, 49, 52, 450, 41, 52, 52, 508, 56, 450, 56, 314, 77, 310, 559, 40, 52, 40, 40, 58, 142, 57, 558]",supervised_cae,0.42440950870513916,0.925242718446602,0.9245862845973486,0.9239923616982777
activity,18,50,"[69, 417, 440, 210, 56, 52, 474, 40, 342, 52, 210, 511, 247, 302, 73, 154, 146, 534, 558, 302, 40, 40, 338, 56, 483, 73, 330, 72, 560, 62, 476, 360, 69, 62, 560, 66, 338, 62, 68, 421, 52, 511, 56, 421, 66, 66, 314, 559, 66, 26]",unsupervised_cae,0.30204281210899353,0.9111650485436893,0.9112387635279647,0.9115350688697106
activity,18,50,"[40, 450, 558, 49, 58, 57, 52, 66, 52, 49, 40, 41, 52, 40, 56, 56, 52, 57, 450, 58, 558, 56, 66, 57, 52, 56, 52, 58, 52, 558, 142, 159, 77, 558, 508, 159, 450, 41, 558, 69, 40, 559, 57, 56, 558, 537, 142, 558, 56, 50]",supervised_cae,0.46472200751304626,0.9189320388349514,0.9188033093027763,0.9187994811228607
activity,19,50,"[472, 73, 146, 397, 73, 66, 547, 330, 18, 69, 513, 268, 247, 62, 49, 511, 308, 56, 342, 40, 307, 547, 560, 40, 69, 65, 68, 52, 426, 512, 247, 68, 338, 210, 450, 70, 73, 75, 419, 40, 559, 62, 488, 72, 482, 410, 66, 154, 69, 276]",unsupervised_cae,0.26466819643974304,0.9436893203883495,0.9422005058132245,0.9422705065275864
activity,19,50,"[49, 49, 558, 56, 40, 49, 52, 558, 49, 50, 508, 62, 310, 302, 49, 159, 49, 558, 40, 52, 49, 57, 52, 77, 56, 50, 71, 450, 56, 58, 58, 16, 58, 37, 49, 57, 58, 302, 40, 281, 450, 57, 56, 450, 559, 58, 450, 142, 558, 58]",supervised_cae,0.4112369418144226,0.9378640776699029,0.9385775747621308,0.9384699544477174
